"AppellationDorigineControlee","Lait","Type","AireDeProduction","AnneeDobtentionDeLAOC","CI","Departement","Commune","AireGeographique","IDA"
"Chevrotin","Chèvre","Pâte pressée non cuite","Massifs du Mont-Blanc, du Chablais, des Aravis et des Bauges (Haute-Savoie et Savoie)","2002","74310","HAUTE-SAVOIE","Viuz-la-Chiesaz","Chevrotin","1495"
"Chevrotin","Chèvre","Pâte pressée non cuite","Massifs du Mont-Blanc, du Chablais, des Aravis et des Bauges (Haute-Savoie et Savoie)","2002","74311","HAUTE-SAVOIE","Viuz-en-Sallaz","Chevrotin","1495"
"Chevrotin","Chèvre","Pâte pressée non cuite","Massifs du Mont-Blanc, du Chablais, des Aravis et des Bauges (Haute-Savoie et Savoie)","2002","74304","HAUTE-SAVOIE","Ville-en-Sallaz","Chevrotin","1495"
"Chevrotin","Chèvre","Pâte pressée non cuite","Massifs du Mont-Blanc, du Chablais, des Aravis et des Bauges (Haute-Savoie et Savoie)","2002","74303","HAUTE-SAVOIE","Villaz","Chevrotin","1495"
"Chevrotin","Chèvre","Pâte pressée non cuite","Massifs du Mont-Blanc, du Chablais, des Aravis et des Bauges (Haute-Savoie et Savoie)","2002","74302","HAUTE-SAVOIE","Villards-sur-Thenes","Chevrotin","1495"
"Chevrotin","Chèvre","Pâte pressée non cuite","Massifs du Mont-Blanc, du Chablais, des Aravis et des Bauges (Haute-Savoie et Savoie)","2002","74301","HAUTE-SAVOIE","Villard","Chevrotin","1495"
"Chevrotin","Chèvre","Pâte pressée non cuite","Massifs du Mont-Blanc, du Chablais, des Aravis et des Bauges (Haute-Savoie et Savoie)","2002","74295","HAUTE-SAVOIE","Vernaz","Chevrotin","1495"
"Chevrotin","Chèvre","Pâte pressée non cuite","Massifs du Mont-Blanc, du Chablais, des Aravis et des Bauges (Haute-Savoie et Savoie)","2002","74294","HAUTE-SAVOIE","Verchaix","Chevrotin","1495"
"Chevrotin","Chèvre","Pâte pressée non cuite","Massifs du Mont-Blanc, du Chablais, des Aravis et des Bauges (Haute-Savoie et Savoie)","2002","74290","HAUTE-SAVOIE","Vallorcine","Chevrotin","1495"
"Chevrotin","Chèvre","Pâte pressée non cuite","Massifs du Mont-Blanc, du Chablais, des Aravis et des Bauges (Haute-Savoie et Savoie)","2002","74167","HAUTE-SAVOIE","ValdeChaise","Chevrotin","1495"
"Chevrotin","Chèvre","Pâte pressée non cuite","Massifs du Mont-Blanc, du Chablais, des Aravis et des Bauges (Haute-Savoie et Savoie)","2002","74287","HAUTE-SAVOIE","Vailly","Chevrotin","1495"
"Chevrotin","Chèvre","Pâte pressée non cuite","Massifs du Mont-Blanc, du Chablais, des Aravis et des Bauges (Haute-Savoie et Savoie)","2002","74286","HAUTE-SAVOIE","Vacheresse","Chevrotin","1495"
"Chevrotin","Chèvre","Pâte pressée non cuite","Massifs du Mont-Blanc, du Chablais, des Aravis et des Bauges (Haute-Savoie et Savoie)","2002","74284","HAUTE-SAVOIE","Tour","Chevrotin","1495"
"Chevrotin","Chèvre","Pâte pressée non cuite","Massifs du Mont-Blanc, du Chablais, des Aravis et des Bauges (Haute-Savoie et Savoie)","2002","74280","HAUTE-SAVOIE","Thenes","Chevrotin","1495"
"Chevrotin","Chèvre","Pâte pressée non cuite","Massifs du Mont-Blanc, du Chablais, des Aravis et des Bauges (Haute-Savoie et Savoie)","2002","74279","HAUTE-SAVOIE","Thollon-les-Memises","Chevrotin","1495"
"Chevrotin","Chèvre","Pâte pressée non cuite","Massifs du Mont-Blanc, du Chablais, des Aravis et des Bauges (Haute-Savoie et Savoie)","2002","74276","HAUTE-SAVOIE","Taninges","Chevrotin","1495"
"Chevrotin","Chèvre","Pâte pressée non cuite","Massifs du Mont-Blanc, du Chablais, des Aravis et des Bauges (Haute-Savoie et Savoie)","2002","74275","HAUTE-SAVOIE","Talloires-Montmin","Chevrotin","1495"
"Chevrotin","Chèvre","Pâte pressée non cuite","Massifs du Mont-Blanc, du Chablais, des Aravis et des Bauges (Haute-Savoie et Savoie)","2002","74273","HAUTE-SAVOIE","Sixt-Fer-e-Cheval","Chevrotin","1495"
"Chevrotin","Chèvre","Pâte pressée non cuite","Massifs du Mont-Blanc, du Chablais, des Aravis et des Bauges (Haute-Savoie et Savoie)","2002","74271","HAUTE-SAVOIE","Seytroux","Chevrotin","1495"
"Chevrotin","Chèvre","Pâte pressée non cuite","Massifs du Mont-Blanc, du Chablais, des Aravis et des Bauges (Haute-Savoie et Savoie)","2002","74270","HAUTE-SAVOIE","Seythenex","Chevrotin","1495"
"Chevrotin","Chèvre","Pâte pressée non cuite","Massifs du Mont-Blanc, du Chablais, des Aravis et des Bauges (Haute-Savoie et Savoie)","2002","74266","HAUTE-SAVOIE","Servoz","Chevrotin","1495"
"Chevrotin","Chèvre","Pâte pressée non cuite","Massifs du Mont-Blanc, du Chablais, des Aravis et des Bauges (Haute-Savoie et Savoie)","2002","74265","HAUTE-SAVOIE","Serraval","Chevrotin","1495"
"Chevrotin","Chèvre","Pâte pressée non cuite","Massifs du Mont-Blanc, du Chablais, des Aravis et des Bauges (Haute-Savoie et Savoie)","2002","74264","HAUTE-SAVOIE","Scionzier","Chevrotin","1495"
"Chevrotin","Chèvre","Pâte pressée non cuite","Massifs du Mont-Blanc, du Chablais, des Aravis et des Bauges (Haute-Savoie et Savoie)","2002","74261","HAUTE-SAVOIE","Saxel","Chevrotin","1495"
"Chevrotin","Chèvre","Pâte pressée non cuite","Massifs du Mont-Blanc, du Chablais, des Aravis et des Bauges (Haute-Savoie et Savoie)","2002","74258","HAUTE-SAVOIE","Samoens","Chevrotin","1495"
"Chevrotin","Chèvre","Pâte pressée non cuite","Massifs du Mont-Blanc, du Chablais, des Aravis et des Bauges (Haute-Savoie et Savoie)","2002","74256","HAUTE-SAVOIE","Sallanches","Chevrotin","1495"
"Chevrotin","Chèvre","Pâte pressée non cuite","Massifs du Mont-Blanc, du Chablais, des Aravis et des Bauges (Haute-Savoie et Savoie)","2002","74253","HAUTE-SAVOIE","Saint-Sixt","Chevrotin","1495"
"Chevrotin","Chèvre","Pâte pressée non cuite","Massifs du Mont-Blanc, du Chablais, des Aravis et des Bauges (Haute-Savoie et Savoie)","2002","74252","HAUTE-SAVOIE","Saint-Sigismond","Chevrotin","1495"
"Chevrotin","Chèvre","Pâte pressée non cuite","Massifs du Mont-Blanc, du Chablais, des Aravis et des Bauges (Haute-Savoie et Savoie)","2002","74244","HAUTE-SAVOIE","Saint-Laurent","Chevrotin","1495"
"Chevrotin","Chèvre","Pâte pressée non cuite","Massifs du Mont-Blanc, du Chablais, des Aravis et des Bauges (Haute-Savoie et Savoie)","2002","74242","HAUTE-SAVOIE","Saint-Jorioz","Chevrotin","1495"
"Chevrotin","Chèvre","Pâte pressée non cuite","Massifs du Mont-Blanc, du Chablais, des Aravis et des Bauges (Haute-Savoie et Savoie)","2002","74241","HAUTE-SAVOIE","Saint-Jeoire","Chevrotin","1495"
"Chevrotin","Chèvre","Pâte pressée non cuite","Massifs du Mont-Blanc, du Chablais, des Aravis et des Bauges (Haute-Savoie et Savoie)","2002","74240","HAUTE-SAVOIE","Saint-Jean-de-Tholome","Chevrotin","1495"
"Chevrotin","Chèvre","Pâte pressée non cuite","Massifs du Mont-Blanc, du Chablais, des Aravis et des Bauges (Haute-Savoie et Savoie)","2002","74239","HAUTE-SAVOIE","Saint-Jean-de-Sixt","Chevrotin","1495"
"Chevrotin","Chèvre","Pâte pressée non cuite","Massifs du Mont-Blanc, du Chablais, des Aravis et des Bauges (Haute-Savoie et Savoie)","2002","74238","HAUTE-SAVOIE","Saint-Jean-d'Aulps","Chevrotin","1495"
"Chevrotin","Chèvre","Pâte pressée non cuite","Massifs du Mont-Blanc, du Chablais, des Aravis et des Bauges (Haute-Savoie et Savoie)","2002","74236","HAUTE-SAVOIE","Saint-Gervais-les-Bains","Chevrotin","1495"
"Chevrotin","Chèvre","Pâte pressée non cuite","Massifs du Mont-Blanc, du Chablais, des Aravis et des Bauges (Haute-Savoie et Savoie)","2002","74234","HAUTE-SAVOIE","Saint-Ferreol","Chevrotin","1495"
"Chevrotin","Chèvre","Pâte pressée non cuite","Massifs du Mont-Blanc, du Chablais, des Aravis et des Bauges (Haute-Savoie et Savoie)","2002","74232","HAUTE-SAVOIE","Saint-Eustache","Chevrotin","1495"
"Chevrotin","Chèvre","Pâte pressée non cuite","Massifs du Mont-Blanc, du Chablais, des Aravis et des Bauges (Haute-Savoie et Savoie)","2002","74226","HAUTE-SAVOIE","Saint-Andre-de-Boege","Chevrotin","1495"
"Chevrotin","Chèvre","Pâte pressée non cuite","Massifs du Mont-Blanc, du Chablais, des Aravis et des Bauges (Haute-Savoie et Savoie)","2002","74224","HAUTE-SAVOIE","Roche-sur-Foron","Chevrotin","1495"
"Chevrotin","Chèvre","Pâte pressée non cuite","Massifs du Mont-Blanc, du Chablais, des Aravis et des Bauges (Haute-Savoie et Savoie)","2002","74223","HAUTE-SAVOIE","Riviere-Enverse","Chevrotin","1495"
"Chevrotin","Chèvre","Pâte pressée non cuite","Massifs du Mont-Blanc, du Chablais, des Aravis et des Bauges (Haute-Savoie et Savoie)","2002","74222","HAUTE-SAVOIE","Reyvroz","Chevrotin","1495"
"Chevrotin","Chèvre","Pâte pressée non cuite","Massifs du Mont-Blanc, du Chablais, des Aravis et des Bauges (Haute-Savoie et Savoie)","2002","74221","HAUTE-SAVOIE","Reposoir","Chevrotin","1495"
"Chevrotin","Chèvre","Pâte pressée non cuite","Massifs du Mont-Blanc, du Chablais, des Aravis et des Bauges (Haute-Savoie et Savoie)","2002","74215","HAUTE-SAVOIE","Praz-sur-Arly","Chevrotin","1495"
"Chevrotin","Chèvre","Pâte pressée non cuite","Massifs du Mont-Blanc, du Chablais, des Aravis et des Bauges (Haute-Savoie et Savoie)","2002","74212","HAUTE-SAVOIE","Petit-Bornand-les-Glieres","Chevrotin","1495"
"Chevrotin","Chèvre","Pâte pressée non cuite","Massifs du Mont-Blanc, du Chablais, des Aravis et des Bauges (Haute-Savoie et Savoie)","2002","74210","HAUTE-SAVOIE","Perrignier","Chevrotin","1495"
"Chevrotin","Chèvre","Pâte pressée non cuite","Massifs du Mont-Blanc, du Chablais, des Aravis et des Bauges (Haute-Savoie et Savoie)","2002","74208","HAUTE-SAVOIE","Passy","Chevrotin","1495"
"Chevrotin","Chèvre","Pâte pressée non cuite","Massifs du Mont-Blanc, du Chablais, des Aravis et des Bauges (Haute-Savoie et Savoie)","2002","74205","HAUTE-SAVOIE","Onnion","Chevrotin","1495"
"Chevrotin","Chèvre","Pâte pressée non cuite","Massifs du Mont-Blanc, du Chablais, des Aravis et des Bauges (Haute-Savoie et Savoie)","2002","74203","HAUTE-SAVOIE","Novel","Chevrotin","1495"
"Chevrotin","Chèvre","Pâte pressée non cuite","Massifs du Mont-Blanc, du Chablais, des Aravis et des Bauges (Haute-Savoie et Savoie)","2002","74198","HAUTE-SAVOIE","Neves-Parmelan","Chevrotin","1495"
"Chevrotin","Chèvre","Pâte pressée non cuite","Massifs du Mont-Blanc, du Chablais, des Aravis et des Bauges (Haute-Savoie et Savoie)","2002","74196","HAUTE-SAVOIE","Nancy-sur-Cluses","Chevrotin","1495"
"Chevrotin","Chèvre","Pâte pressée non cuite","Massifs du Mont-Blanc, du Chablais, des Aravis et des Bauges (Haute-Savoie et Savoie)","2002","74191","HAUTE-SAVOIE","Morzine","Chevrotin","1495"
"Chevrotin","Chèvre","Pâte pressée non cuite","Massifs du Mont-Blanc, du Chablais, des Aravis et des Bauges (Haute-Savoie et Savoie)","2002","74190","HAUTE-SAVOIE","Morillon","Chevrotin","1495"
"Chevrotin","Chèvre","Pâte pressée non cuite","Massifs du Mont-Blanc, du Chablais, des Aravis et des Bauges (Haute-Savoie et Savoie)","2002","74188","HAUTE-SAVOIE","Montriond","Chevrotin","1495"
"Chevrotin","Chèvre","Pâte pressée non cuite","Massifs du Mont-Blanc, du Chablais, des Aravis et des Bauges (Haute-Savoie et Savoie)","2002","74187","HAUTE-SAVOIE","Montmin","Chevrotin","1495"
"Chevrotin","Chèvre","Pâte pressée non cuite","Massifs du Mont-Blanc, du Chablais, des Aravis et des Bauges (Haute-Savoie et Savoie)","2002","74189","HAUTE-SAVOIE","Mont-Saxonnex","Chevrotin","1495"
"Chevrotin","Chèvre","Pâte pressée non cuite","Massifs du Mont-Blanc, du Chablais, des Aravis et des Bauges (Haute-Savoie et Savoie)","2002","74183","HAUTE-SAVOIE","Mieussy","Chevrotin","1495"
"Chevrotin","Chèvre","Pâte pressée non cuite","Massifs du Mont-Blanc, du Chablais, des Aravis et des Bauges (Haute-Savoie et Savoie)","2002","74174","HAUTE-SAVOIE","Megevette","Chevrotin","1495"
"Chevrotin","Chèvre","Pâte pressée non cuite","Massifs du Mont-Blanc, du Chablais, des Aravis et des Bauges (Haute-Savoie et Savoie)","2002","74173","HAUTE-SAVOIE","Megeve","Chevrotin","1495"
"Chevrotin","Chèvre","Pâte pressée non cuite","Massifs du Mont-Blanc, du Chablais, des Aravis et des Bauges (Haute-Savoie et Savoie)","2002","74169","HAUTE-SAVOIE","Marnaz","Chevrotin","1495"
"Chevrotin","Chèvre","Pâte pressée non cuite","Massifs du Mont-Blanc, du Chablais, des Aravis et des Bauges (Haute-Savoie et Savoie)","2002","74164","HAUTE-SAVOIE","Marignier","Chevrotin","1495"
"Chevrotin","Chèvre","Pâte pressée non cuite","Massifs du Mont-Blanc, du Chablais, des Aravis et des Bauges (Haute-Savoie et Savoie)","2002","74160","HAUTE-SAVOIE","Manigod","Chevrotin","1495"
"Chevrotin","Chèvre","Pâte pressée non cuite","Massifs du Mont-Blanc, du Chablais, des Aravis et des Bauges (Haute-Savoie et Savoie)","2002","74159","HAUTE-SAVOIE","Magland","Chevrotin","1495"
"Chevrotin","Chèvre","Pâte pressée non cuite","Massifs du Mont-Blanc, du Chablais, des Aravis et des Bauges (Haute-Savoie et Savoie)","2002","74155","HAUTE-SAVOIE","Lullin","Chevrotin","1495"
"Chevrotin","Chèvre","Pâte pressée non cuite","Massifs du Mont-Blanc, du Chablais, des Aravis et des Bauges (Haute-Savoie et Savoie)","2002","74154","HAUTE-SAVOIE","Lugrin","Chevrotin","1495"
"Chevrotin","Chèvre","Pâte pressée non cuite","Massifs du Mont-Blanc, du Chablais, des Aravis et des Bauges (Haute-Savoie et Savoie)","2002","74148","HAUTE-SAVOIE","Leschaux","Chevrotin","1495"
"Chevrotin","Chèvre","Pâte pressée non cuite","Massifs du Mont-Blanc, du Chablais, des Aravis et des Bauges (Haute-Savoie et Savoie)","2002","74147","HAUTE-SAVOIE","Lathuile","Chevrotin","1495"
"Chevrotin","Chèvre","Pâte pressée non cuite","Massifs du Mont-Blanc, du Chablais, des Aravis et des Bauges (Haute-Savoie et Savoie)","2002","74143","HAUTE-SAVOIE","Houches","Chevrotin","1495"
"Chevrotin","Chèvre","Pâte pressée non cuite","Massifs du Mont-Blanc, du Chablais, des Aravis et des Bauges (Haute-Savoie et Savoie)","2002","74140","HAUTE-SAVOIE","Habere-Poche","Chevrotin","1495"
"Chevrotin","Chèvre","Pâte pressée non cuite","Massifs du Mont-Blanc, du Chablais, des Aravis et des Bauges (Haute-Savoie et Savoie)","2002","74139","HAUTE-SAVOIE","Habere-Lullin","Chevrotin","1495"
"Chevrotin","Chèvre","Pâte pressée non cuite","Massifs du Mont-Blanc, du Chablais, des Aravis et des Bauges (Haute-Savoie et Savoie)","2002","74138","HAUTE-SAVOIE","Gruffy","Chevrotin","1495"
"Chevrotin","Chèvre","Pâte pressée non cuite","Massifs du Mont-Blanc, du Chablais, des Aravis et des Bauges (Haute-Savoie et Savoie)","2002","74136","HAUTE-SAVOIE","Grand-Bornand","Chevrotin","1495"
"Chevrotin","Chèvre","Pâte pressée non cuite","Massifs du Mont-Blanc, du Chablais, des Aravis et des Bauges (Haute-Savoie et Savoie)","2002","74135","HAUTE-SAVOIE","Giez","Chevrotin","1495"
"Chevrotin","Chèvre","Pâte pressée non cuite","Massifs du Mont-Blanc, du Chablais, des Aravis et des Bauges (Haute-Savoie et Savoie)","2002","74134","HAUTE-SAVOIE","Gets","Chevrotin","1495"
"Chevrotin","Chèvre","Pâte pressée non cuite","Massifs du Mont-Blanc, du Chablais, des Aravis et des Bauges (Haute-Savoie et Savoie)","2002","74129","HAUTE-SAVOIE","Forclaz","Chevrotin","1495"
"Chevrotin","Chèvre","Pâte pressée non cuite","Massifs du Mont-Blanc, du Chablais, des Aravis et des Bauges (Haute-Savoie et Savoie)","2002","74282","HAUTE-SAVOIE","Filliere","Chevrotin","1495"
"Chevrotin","Chèvre","Pâte pressée non cuite","Massifs du Mont-Blanc, du Chablais, des Aravis et des Bauges (Haute-Savoie et Savoie)","2002","74123","HAUTE-SAVOIE","Faverges-Seythenex","Chevrotin","1495"
"Chevrotin","Chèvre","Pâte pressée non cuite","Massifs du Mont-Blanc, du Chablais, des Aravis et des Bauges (Haute-Savoie et Savoie)","2002","74114","HAUTE-SAVOIE","Essert-Romand","Chevrotin","1495"
"Chevrotin","Chèvre","Pâte pressée non cuite","Massifs du Mont-Blanc, du Chablais, des Aravis et des Bauges (Haute-Savoie et Savoie)","2002","74111","HAUTE-SAVOIE","Entrevernes","Chevrotin","1495"
"Chevrotin","Chèvre","Pâte pressée non cuite","Massifs du Mont-Blanc, du Chablais, des Aravis et des Bauges (Haute-Savoie et Savoie)","2002","74110","HAUTE-SAVOIE","Entremont","Chevrotin","1495"
"Chevrotin","Chèvre","Pâte pressée non cuite","Massifs du Mont-Blanc, du Chablais, des Aravis et des Bauges (Haute-Savoie et Savoie)","2002","74108","HAUTE-SAVOIE","Duingt","Chevrotin","1495"
"Chevrotin","Chèvre","Pâte pressée non cuite","Massifs du Mont-Blanc, du Chablais, des Aravis et des Bauges (Haute-Savoie et Savoie)","2002","74104","HAUTE-SAVOIE","Doussard","Chevrotin","1495"
"Chevrotin","Chèvre","Pâte pressée non cuite","Massifs du Mont-Blanc, du Chablais, des Aravis et des Bauges (Haute-Savoie et Savoie)","2002","74103","HAUTE-SAVOIE","Domancy","Chevrotin","1495"
"Chevrotin","Chèvre","Pâte pressée non cuite","Massifs du Mont-Blanc, du Chablais, des Aravis et des Bauges (Haute-Savoie et Savoie)","2002","74102","HAUTE-SAVOIE","Dingy-Saint-Clair","Chevrotin","1495"
"Chevrotin","Chèvre","Pâte pressée non cuite","Massifs du Mont-Blanc, du Chablais, des Aravis et des Bauges (Haute-Savoie et Savoie)","2002","74099","HAUTE-SAVOIE","Demi-Quartier","Chevrotin","1495"
"Chevrotin","Chèvre","Pâte pressée non cuite","Massifs du Mont-Blanc, du Chablais, des Aravis et des Bauges (Haute-Savoie et Savoie)","2002","74091","HAUTE-SAVOIE","Cete-d'Arbroz","Chevrotin","1495"
"Chevrotin","Chèvre","Pâte pressée non cuite","Massifs du Mont-Blanc, du Chablais, des Aravis et des Bauges (Haute-Savoie et Savoie)","2002","74089","HAUTE-SAVOIE","Cordon","Chevrotin","1495"
"Chevrotin","Chèvre","Pâte pressée non cuite","Massifs du Mont-Blanc, du Chablais, des Aravis et des Bauges (Haute-Savoie et Savoie)","2002","74085","HAUTE-SAVOIE","Contamines-Montjoie","Chevrotin","1495"
"Chevrotin","Chèvre","Pâte pressée non cuite","Massifs du Mont-Blanc, du Chablais, des Aravis et des Bauges (Haute-Savoie et Savoie)","2002","74084","HAUTE-SAVOIE","Cons-Sainte-Colombe","Chevrotin","1495"
"Chevrotin","Chèvre","Pâte pressée non cuite","Massifs du Mont-Blanc, du Chablais, des Aravis et des Bauges (Haute-Savoie et Savoie)","2002","74083","HAUTE-SAVOIE","Combloux","Chevrotin","1495"
"Chevrotin","Chèvre","Pâte pressée non cuite","Massifs du Mont-Blanc, du Chablais, des Aravis et des Bauges (Haute-Savoie et Savoie)","2002","74080","HAUTE-SAVOIE","Clusaz","Chevrotin","1495"
"Chevrotin","Chèvre","Pâte pressée non cuite","Massifs du Mont-Blanc, du Chablais, des Aravis et des Bauges (Haute-Savoie et Savoie)","2002","74079","HAUTE-SAVOIE","Clefs","Chevrotin","1495"
"Chevrotin","Chèvre","Pâte pressée non cuite","Massifs du Mont-Blanc, du Chablais, des Aravis et des Bauges (Haute-Savoie et Savoie)","2002","74073","HAUTE-SAVOIE","Chevenoz","Chevrotin","1495"
"Chevrotin","Chèvre","Pâte pressée non cuite","Massifs du Mont-Blanc, du Chablais, des Aravis et des Bauges (Haute-Savoie et Savoie)","2002","74072","HAUTE-SAVOIE","Chevaline","Chevrotin","1495"
"Chevrotin","Chèvre","Pâte pressée non cuite","Massifs du Mont-Blanc, du Chablais, des Aravis et des Bauges (Haute-Savoie et Savoie)","2002","74063","HAUTE-SAVOIE","Chetel","Chevrotin","1495"
"Chevrotin","Chèvre","Pâte pressée non cuite","Massifs du Mont-Blanc, du Chablais, des Aravis et des Bauges (Haute-Savoie et Savoie)","2002","74060","HAUTE-SAVOIE","Chapelle-Saint-Maurice","Chevrotin","1495"
"Chevrotin","Chèvre","Pâte pressée non cuite","Massifs du Mont-Blanc, du Chablais, des Aravis et des Bauges (Haute-Savoie et Savoie)","2002","74058","HAUTE-SAVOIE","Chapelle-d'Abondance","Chevrotin","1495"
"Chevrotin","Chèvre","Pâte pressée non cuite","Massifs du Mont-Blanc, du Chablais, des Aravis et des Bauges (Haute-Savoie et Savoie)","2002","74056","HAUTE-SAVOIE","Chamonix-Mont-Blanc","Chevrotin","1495"
"Chevrotin","Chèvre","Pâte pressée non cuite","Massifs du Mont-Blanc, du Chablais, des Aravis et des Bauges (Haute-Savoie et Savoie)","2002","74050","HAUTE-SAVOIE","Burdignin","Chevrotin","1495"
"Chevrotin","Chèvre","Pâte pressée non cuite","Massifs du Mont-Blanc, du Chablais, des Aravis et des Bauges (Haute-Savoie et Savoie)","2002","74049","HAUTE-SAVOIE","Brizon","Chevrotin","1495"
"Chevrotin","Chèvre","Pâte pressée non cuite","Massifs du Mont-Blanc, du Chablais, des Aravis et des Bauges (Haute-Savoie et Savoie)","2002","74045","HAUTE-SAVOIE","Bouchet-Mont-Charvin","Chevrotin","1495"
"Chevrotin","Chèvre","Pâte pressée non cuite","Massifs du Mont-Blanc, du Chablais, des Aravis et des Bauges (Haute-Savoie et Savoie)","2002","74041","HAUTE-SAVOIE","Bonnevaux","Chevrotin","1495"
"Chevrotin","Chèvre","Pâte pressée non cuite","Massifs du Mont-Blanc, du Chablais, des Aravis et des Bauges (Haute-Savoie et Savoie)","2002","74038","HAUTE-SAVOIE","Bogeve","Chevrotin","1495"
"Chevrotin","Chèvre","Pâte pressée non cuite","Massifs du Mont-Blanc, du Chablais, des Aravis et des Bauges (Haute-Savoie et Savoie)","2002","74037","HAUTE-SAVOIE","Boege","Chevrotin","1495"
"Chevrotin","Chèvre","Pâte pressée non cuite","Massifs du Mont-Blanc, du Chablais, des Aravis et des Bauges (Haute-Savoie et Savoie)","2002","74036","HAUTE-SAVOIE","Bluffy","Chevrotin","1495"
"Chevrotin","Chèvre","Pâte pressée non cuite","Massifs du Mont-Blanc, du Chablais, des Aravis et des Bauges (Haute-Savoie et Savoie)","2002","74034","HAUTE-SAVOIE","Biot","Chevrotin","1495"
"Chevrotin","Chèvre","Pâte pressée non cuite","Massifs du Mont-Blanc, du Chablais, des Aravis et des Bauges (Haute-Savoie et Savoie)","2002","74033","HAUTE-SAVOIE","Bernex","Chevrotin","1495"
"Chevrotin","Chèvre","Pâte pressée non cuite","Massifs du Mont-Blanc, du Chablais, des Aravis et des Bauges (Haute-Savoie et Savoie)","2002","74032","HAUTE-SAVOIE","Bellevaux","Chevrotin","1495"
"Chevrotin","Chèvre","Pâte pressée non cuite","Massifs du Mont-Blanc, du Chablais, des Aravis et des Bauges (Haute-Savoie et Savoie)","2002","74030","HAUTE-SAVOIE","Baume","Chevrotin","1495"
"Chevrotin","Chèvre","Pâte pressée non cuite","Massifs du Mont-Blanc, du Chablais, des Aravis et des Bauges (Haute-Savoie et Savoie)","2002","74027","HAUTE-SAVOIE","Balme-de-Thuy","Chevrotin","1495"
"Chevrotin","Chèvre","Pâte pressée non cuite","Massifs du Mont-Blanc, du Chablais, des Aravis et des Bauges (Haute-Savoie et Savoie)","2002","74024","HAUTE-SAVOIE","Ayse","Chevrotin","1495"
"Chevrotin","Chèvre","Pâte pressée non cuite","Massifs du Mont-Blanc, du Chablais, des Aravis et des Bauges (Haute-Savoie et Savoie)","2002","74022","HAUTE-SAVOIE","Aviernoz","Chevrotin","1495"
"Chevrotin","Chèvre","Pâte pressée non cuite","Massifs du Mont-Blanc, du Chablais, des Aravis et des Bauges (Haute-Savoie et Savoie)","2002","74014","HAUTE-SAVOIE","Areches-la-Frasse","Chevrotin","1495"
"Chevrotin","Chèvre","Pâte pressée non cuite","Massifs du Mont-Blanc, du Chablais, des Aravis et des Bauges (Haute-Savoie et Savoie)","2002","74004","HAUTE-SAVOIE","Alleves","Chevrotin","1495"
"Chevrotin","Chèvre","Pâte pressée non cuite","Massifs du Mont-Blanc, du Chablais, des Aravis et des Bauges (Haute-Savoie et Savoie)","2002","74003","HAUTE-SAVOIE","Alex","Chevrotin","1495"
"Chevrotin","Chèvre","Pâte pressée non cuite","Massifs du Mont-Blanc, du Chablais, des Aravis et des Bauges (Haute-Savoie et Savoie)","2002","74001","HAUTE-SAVOIE","Abondance","Chevrotin","1495"
"ReblochondeSavoie","Vache","Pâte pressée non cuite","Savoie et Haute-Savoie","1958","74313","HAUTE-SAVOIE","Vovray-en-Bornes","ReblochondeSavoie","1481"
"ReblochondeSavoie","Vache","Pâte pressée non cuite","Savoie et Haute-Savoie","1958","74312","HAUTE-SAVOIE","Vougy","ReblochondeSavoie","1481"
"ReblochondeSavoie","Vache","Pâte pressée non cuite","Savoie et Haute-Savoie","1958","74311","HAUTE-SAVOIE","Viuz-en-Sallaz","ReblochondeSavoie","1481"
"ReblochondeSavoie","Vache","Pâte pressée non cuite","Savoie et Haute-Savoie","1958","74308","HAUTE-SAVOIE","Vinzier","ReblochondeSavoie","1481"
"ReblochondeSavoie","Vache","Pâte pressée non cuite","Savoie et Haute-Savoie","1958","74307","HAUTE-SAVOIE","Villy-le-Pelloux","ReblochondeSavoie","1481"
"ReblochondeSavoie","Vache","Pâte pressée non cuite","Savoie et Haute-Savoie","1958","74306","HAUTE-SAVOIE","Villy-le-Bouveret","ReblochondeSavoie","1481"
"ReblochondeSavoie","Vache","Pâte pressée non cuite","Savoie et Haute-Savoie","1958","74304","HAUTE-SAVOIE","Ville-en-Sallaz","ReblochondeSavoie","1481"
"ReblochondeSavoie","Vache","Pâte pressée non cuite","Savoie et Haute-Savoie","1958","74303","HAUTE-SAVOIE","Villaz","ReblochondeSavoie","1481"
"ReblochondeSavoie","Vache","Pâte pressée non cuite","Savoie et Haute-Savoie","1958","74302","HAUTE-SAVOIE","Villards-sur-Thenes","ReblochondeSavoie","1481"
"ReblochondeSavoie","Vache","Pâte pressée non cuite","Savoie et Haute-Savoie","1958","74301","HAUTE-SAVOIE","Villard","ReblochondeSavoie","1481"
"ReblochondeSavoie","Vache","Pâte pressée non cuite","Savoie et Haute-Savoie","1958","74299","HAUTE-SAVOIE","Veyrier-du-Lac","ReblochondeSavoie","1481"
"ReblochondeSavoie","Vache","Pâte pressée non cuite","Savoie et Haute-Savoie","1958","74298","HAUTE-SAVOIE","Vetraz-Monthoux","ReblochondeSavoie","1481"
"ReblochondeSavoie","Vache","Pâte pressée non cuite","Savoie et Haute-Savoie","1958","74295","HAUTE-SAVOIE","Vernaz","ReblochondeSavoie","1481"
"ReblochondeSavoie","Vache","Pâte pressée non cuite","Savoie et Haute-Savoie","1958","74294","HAUTE-SAVOIE","Verchaix","ReblochondeSavoie","1481"
"ReblochondeSavoie","Vache","Pâte pressée non cuite","Savoie et Haute-Savoie","1958","74290","HAUTE-SAVOIE","Vallorcine","ReblochondeSavoie","1481"
"ReblochondeSavoie","Vache","Pâte pressée non cuite","Savoie et Haute-Savoie","1958","74167","HAUTE-SAVOIE","ValdeChaise","ReblochondeSavoie","1481"
"ReblochondeSavoie","Vache","Pâte pressée non cuite","Savoie et Haute-Savoie","1958","74287","HAUTE-SAVOIE","Vailly","ReblochondeSavoie","1481"
"ReblochondeSavoie","Vache","Pâte pressée non cuite","Savoie et Haute-Savoie","1958","74286","HAUTE-SAVOIE","Vacheresse","ReblochondeSavoie","1481"
"ReblochondeSavoie","Vache","Pâte pressée non cuite","Savoie et Haute-Savoie","1958","74284","HAUTE-SAVOIE","Tour","ReblochondeSavoie","1481"
"ReblochondeSavoie","Vache","Pâte pressée non cuite","Savoie et Haute-Savoie","1958","74278","HAUTE-SAVOIE","Thyez","ReblochondeSavoie","1481"
"ReblochondeSavoie","Vache","Pâte pressée non cuite","Savoie et Haute-Savoie","1958","74280","HAUTE-SAVOIE","Thenes","ReblochondeSavoie","1481"
"ReblochondeSavoie","Vache","Pâte pressée non cuite","Savoie et Haute-Savoie","1958","74276","HAUTE-SAVOIE","Taninges","ReblochondeSavoie","1481"
"ReblochondeSavoie","Vache","Pâte pressée non cuite","Savoie et Haute-Savoie","1958","74275","HAUTE-SAVOIE","Talloires-Montmin","ReblochondeSavoie","1481"
"ReblochondeSavoie","Vache","Pâte pressée non cuite","Savoie et Haute-Savoie","1958","74273","HAUTE-SAVOIE","Sixt-Fer-e-Cheval","ReblochondeSavoie","1481"
"ReblochondeSavoie","Vache","Pâte pressée non cuite","Savoie et Haute-Savoie","1958","74271","HAUTE-SAVOIE","Seytroux","ReblochondeSavoie","1481"
"ReblochondeSavoie","Vache","Pâte pressée non cuite","Savoie et Haute-Savoie","1958","74270","HAUTE-SAVOIE","Seythenex","ReblochondeSavoie","1481"
"ReblochondeSavoie","Vache","Pâte pressée non cuite","Savoie et Haute-Savoie","1958","74267","HAUTE-SAVOIE","Sevrier","ReblochondeSavoie","1481"
"ReblochondeSavoie","Vache","Pâte pressée non cuite","Savoie et Haute-Savoie","1958","74266","HAUTE-SAVOIE","Servoz","ReblochondeSavoie","1481"
"ReblochondeSavoie","Vache","Pâte pressée non cuite","Savoie et Haute-Savoie","1958","74265","HAUTE-SAVOIE","Serraval","ReblochondeSavoie","1481"
"ReblochondeSavoie","Vache","Pâte pressée non cuite","Savoie et Haute-Savoie","1958","74264","HAUTE-SAVOIE","Scionzier","ReblochondeSavoie","1481"
"ReblochondeSavoie","Vache","Pâte pressée non cuite","Savoie et Haute-Savoie","1958","74262","HAUTE-SAVOIE","Scientrier","ReblochondeSavoie","1481"
"ReblochondeSavoie","Vache","Pâte pressée non cuite","Savoie et Haute-Savoie","1958","74261","HAUTE-SAVOIE","Saxel","ReblochondeSavoie","1481"
"ReblochondeSavoie","Vache","Pâte pressée non cuite","Savoie et Haute-Savoie","1958","74259","HAUTE-SAVOIE","Sappey","ReblochondeSavoie","1481"
"ReblochondeSavoie","Vache","Pâte pressée non cuite","Savoie et Haute-Savoie","1958","74258","HAUTE-SAVOIE","Samoens","ReblochondeSavoie","1481"
"ReblochondeSavoie","Vache","Pâte pressée non cuite","Savoie et Haute-Savoie","1958","74256","HAUTE-SAVOIE","Sallanches","ReblochondeSavoie","1481"
"ReblochondeSavoie","Vache","Pâte pressée non cuite","Savoie et Haute-Savoie","1958","74253","HAUTE-SAVOIE","Saint-Sixt","ReblochondeSavoie","1481"
"ReblochondeSavoie","Vache","Pâte pressée non cuite","Savoie et Haute-Savoie","1958","74252","HAUTE-SAVOIE","Saint-Sigismond","ReblochondeSavoie","1481"
"ReblochondeSavoie","Vache","Pâte pressée non cuite","Savoie et Haute-Savoie","1958","74250","HAUTE-SAVOIE","Saint-Pierre-en-Faucigny","ReblochondeSavoie","1481"
"ReblochondeSavoie","Vache","Pâte pressée non cuite","Savoie et Haute-Savoie","1958","74245","HAUTE-SAVOIE","Saint-Martin-Bellevue","ReblochondeSavoie","1481"
"ReblochondeSavoie","Vache","Pâte pressée non cuite","Savoie et Haute-Savoie","1958","74244","HAUTE-SAVOIE","Saint-Laurent","ReblochondeSavoie","1481"
"ReblochondeSavoie","Vache","Pâte pressée non cuite","Savoie et Haute-Savoie","1958","74242","HAUTE-SAVOIE","Saint-Jorioz","ReblochondeSavoie","1481"
"ReblochondeSavoie","Vache","Pâte pressée non cuite","Savoie et Haute-Savoie","1958","74241","HAUTE-SAVOIE","Saint-Jeoire","ReblochondeSavoie","1481"
"ReblochondeSavoie","Vache","Pâte pressée non cuite","Savoie et Haute-Savoie","1958","74240","HAUTE-SAVOIE","Saint-Jean-de-Tholome","ReblochondeSavoie","1481"
"ReblochondeSavoie","Vache","Pâte pressée non cuite","Savoie et Haute-Savoie","1958","74239","HAUTE-SAVOIE","Saint-Jean-de-Sixt","ReblochondeSavoie","1481"
"ReblochondeSavoie","Vache","Pâte pressée non cuite","Savoie et Haute-Savoie","1958","74238","HAUTE-SAVOIE","Saint-Jean-d'Aulps","ReblochondeSavoie","1481"
"ReblochondeSavoie","Vache","Pâte pressée non cuite","Savoie et Haute-Savoie","1958","74236","HAUTE-SAVOIE","Saint-Gervais-les-Bains","ReblochondeSavoie","1481"
"ReblochondeSavoie","Vache","Pâte pressée non cuite","Savoie et Haute-Savoie","1958","74234","HAUTE-SAVOIE","Saint-Ferreol","ReblochondeSavoie","1481"
"ReblochondeSavoie","Vache","Pâte pressée non cuite","Savoie et Haute-Savoie","1958","74232","HAUTE-SAVOIE","Saint-Eustache","ReblochondeSavoie","1481"
"ReblochondeSavoie","Vache","Pâte pressée non cuite","Savoie et Haute-Savoie","1958","74229","HAUTE-SAVOIE","Saint-Cergues","ReblochondeSavoie","1481"
"ReblochondeSavoie","Vache","Pâte pressée non cuite","Savoie et Haute-Savoie","1958","74228","HAUTE-SAVOIE","Saint-Blaise","ReblochondeSavoie","1481"
"ReblochondeSavoie","Vache","Pâte pressée non cuite","Savoie et Haute-Savoie","1958","74226","HAUTE-SAVOIE","Saint-Andre-de-Boege","ReblochondeSavoie","1481"
"ReblochondeSavoie","Vache","Pâte pressée non cuite","Savoie et Haute-Savoie","1958","74224","HAUTE-SAVOIE","Roche-sur-Foron","ReblochondeSavoie","1481"
"ReblochondeSavoie","Vache","Pâte pressée non cuite","Savoie et Haute-Savoie","1958","74223","HAUTE-SAVOIE","Riviere-Enverse","ReblochondeSavoie","1481"
"ReblochondeSavoie","Vache","Pâte pressée non cuite","Savoie et Haute-Savoie","1958","74222","HAUTE-SAVOIE","Reyvroz","ReblochondeSavoie","1481"
"ReblochondeSavoie","Vache","Pâte pressée non cuite","Savoie et Haute-Savoie","1958","74221","HAUTE-SAVOIE","Reposoir","ReblochondeSavoie","1481"
"ReblochondeSavoie","Vache","Pâte pressée non cuite","Savoie et Haute-Savoie","1958","74220","HAUTE-SAVOIE","Reignier-esery","ReblochondeSavoie","1481"
"ReblochondeSavoie","Vache","Pâte pressée non cuite","Savoie et Haute-Savoie","1958","74219","HAUTE-SAVOIE","Quintal","ReblochondeSavoie","1481"
"ReblochondeSavoie","Vache","Pâte pressée non cuite","Savoie et Haute-Savoie","1958","74216","HAUTE-SAVOIE","Presilly","ReblochondeSavoie","1481"
"ReblochondeSavoie","Vache","Pâte pressée non cuite","Savoie et Haute-Savoie","1958","74215","HAUTE-SAVOIE","Praz-sur-Arly","ReblochondeSavoie","1481"
"ReblochondeSavoie","Vache","Pâte pressée non cuite","Savoie et Haute-Savoie","1958","74212","HAUTE-SAVOIE","Petit-Bornand-les-Glieres","ReblochondeSavoie","1481"
"ReblochondeSavoie","Vache","Pâte pressée non cuite","Savoie et Haute-Savoie","1958","74211","HAUTE-SAVOIE","Pers-Jussy","ReblochondeSavoie","1481"
"ReblochondeSavoie","Vache","Pâte pressée non cuite","Savoie et Haute-Savoie","1958","74210","HAUTE-SAVOIE","Perrignier","ReblochondeSavoie","1481"
"ReblochondeSavoie","Vache","Pâte pressée non cuite","Savoie et Haute-Savoie","1958","74209","HAUTE-SAVOIE","Peillonnex","ReblochondeSavoie","1481"
"ReblochondeSavoie","Vache","Pâte pressée non cuite","Savoie et Haute-Savoie","1958","74208","HAUTE-SAVOIE","Passy","ReblochondeSavoie","1481"
"ReblochondeSavoie","Vache","Pâte pressée non cuite","Savoie et Haute-Savoie","1958","74206","HAUTE-SAVOIE","Orcier","ReblochondeSavoie","1481"
"ReblochondeSavoie","Vache","Pâte pressée non cuite","Savoie et Haute-Savoie","1958","74205","HAUTE-SAVOIE","Onnion","ReblochondeSavoie","1481"
"ReblochondeSavoie","Vache","Pâte pressée non cuite","Savoie et Haute-Savoie","1958","74204","HAUTE-SAVOIE","Ollieres","ReblochondeSavoie","1481"
"ReblochondeSavoie","Vache","Pâte pressée non cuite","Savoie et Haute-Savoie","1958","74203","HAUTE-SAVOIE","Novel","ReblochondeSavoie","1481"
"ReblochondeSavoie","Vache","Pâte pressée non cuite","Savoie et Haute-Savoie","1958","74198","HAUTE-SAVOIE","Neves-Parmelan","ReblochondeSavoie","1481"
"ReblochondeSavoie","Vache","Pâte pressée non cuite","Savoie et Haute-Savoie","1958","74197","HAUTE-SAVOIE","Nangy","ReblochondeSavoie","1481"
"ReblochondeSavoie","Vache","Pâte pressée non cuite","Savoie et Haute-Savoie","1958","74196","HAUTE-SAVOIE","Nancy-sur-Cluses","ReblochondeSavoie","1481"
"ReblochondeSavoie","Vache","Pâte pressée non cuite","Savoie et Haute-Savoie","1958","74193","HAUTE-SAVOIE","Muraz","ReblochondeSavoie","1481"
"ReblochondeSavoie","Vache","Pâte pressée non cuite","Savoie et Haute-Savoie","1958","74191","HAUTE-SAVOIE","Morzine","ReblochondeSavoie","1481"
"ReblochondeSavoie","Vache","Pâte pressée non cuite","Savoie et Haute-Savoie","1958","74190","HAUTE-SAVOIE","Morillon","ReblochondeSavoie","1481"
"ReblochondeSavoie","Vache","Pâte pressée non cuite","Savoie et Haute-Savoie","1958","74188","HAUTE-SAVOIE","Montriond","ReblochondeSavoie","1481"
"ReblochondeSavoie","Vache","Pâte pressée non cuite","Savoie et Haute-Savoie","1958","74187","HAUTE-SAVOIE","Montmin","ReblochondeSavoie","1481"
"ReblochondeSavoie","Vache","Pâte pressée non cuite","Savoie et Haute-Savoie","1958","74189","HAUTE-SAVOIE","Mont-Saxonnex","ReblochondeSavoie","1481"
"ReblochondeSavoie","Vache","Pâte pressée non cuite","Savoie et Haute-Savoie","1958","74185","HAUTE-SAVOIE","Monnetier-Mornex","ReblochondeSavoie","1481"
"ReblochondeSavoie","Vache","Pâte pressée non cuite","Savoie et Haute-Savoie","1958","74183","HAUTE-SAVOIE","Mieussy","ReblochondeSavoie","1481"
"ReblochondeSavoie","Vache","Pâte pressée non cuite","Savoie et Haute-Savoie","1958","74177","HAUTE-SAVOIE","Menthonnex-en-Bornes","ReblochondeSavoie","1481"
"ReblochondeSavoie","Vache","Pâte pressée non cuite","Savoie et Haute-Savoie","1958","74176","HAUTE-SAVOIE","Menthon-Saint-Bernard","ReblochondeSavoie","1481"
"ReblochondeSavoie","Vache","Pâte pressée non cuite","Savoie et Haute-Savoie","1958","74174","HAUTE-SAVOIE","Megevette","ReblochondeSavoie","1481"
"ReblochondeSavoie","Vache","Pâte pressée non cuite","Savoie et Haute-Savoie","1958","74173","HAUTE-SAVOIE","Megeve","ReblochondeSavoie","1481"
"ReblochondeSavoie","Vache","Pâte pressée non cuite","Savoie et Haute-Savoie","1958","74169","HAUTE-SAVOIE","Marnaz","ReblochondeSavoie","1481"
"ReblochondeSavoie","Vache","Pâte pressée non cuite","Savoie et Haute-Savoie","1958","74164","HAUTE-SAVOIE","Marignier","ReblochondeSavoie","1481"
"ReblochondeSavoie","Vache","Pâte pressée non cuite","Savoie et Haute-Savoie","1958","74163","HAUTE-SAVOIE","Margencel","ReblochondeSavoie","1481"
"ReblochondeSavoie","Vache","Pâte pressée non cuite","Savoie et Haute-Savoie","1958","74162","HAUTE-SAVOIE","Marcellaz","ReblochondeSavoie","1481"
"ReblochondeSavoie","Vache","Pâte pressée non cuite","Savoie et Haute-Savoie","1958","74160","HAUTE-SAVOIE","Manigod","ReblochondeSavoie","1481"
"ReblochondeSavoie","Vache","Pâte pressée non cuite","Savoie et Haute-Savoie","1958","74159","HAUTE-SAVOIE","Magland","ReblochondeSavoie","1481"
"ReblochondeSavoie","Vache","Pâte pressée non cuite","Savoie et Haute-Savoie","1958","74158","HAUTE-SAVOIE","Machilly","ReblochondeSavoie","1481"
"ReblochondeSavoie","Vache","Pâte pressée non cuite","Savoie et Haute-Savoie","1958","74157","HAUTE-SAVOIE","Lyaud","ReblochondeSavoie","1481"
"ReblochondeSavoie","Vache","Pâte pressée non cuite","Savoie et Haute-Savoie","1958","74156","HAUTE-SAVOIE","Lully","ReblochondeSavoie","1481"
"ReblochondeSavoie","Vache","Pâte pressée non cuite","Savoie et Haute-Savoie","1958","74155","HAUTE-SAVOIE","Lullin","ReblochondeSavoie","1481"
"ReblochondeSavoie","Vache","Pâte pressée non cuite","Savoie et Haute-Savoie","1958","74153","HAUTE-SAVOIE","Lucinges","ReblochondeSavoie","1481"
"ReblochondeSavoie","Vache","Pâte pressée non cuite","Savoie et Haute-Savoie","1958","74148","HAUTE-SAVOIE","Leschaux","ReblochondeSavoie","1481"
"ReblochondeSavoie","Vache","Pâte pressée non cuite","Savoie et Haute-Savoie","1958","74147","HAUTE-SAVOIE","Lathuile","ReblochondeSavoie","1481"
"ReblochondeSavoie","Vache","Pâte pressée non cuite","Savoie et Haute-Savoie","1958","74145","HAUTE-SAVOIE","Juvigny","ReblochondeSavoie","1481"
"ReblochondeSavoie","Vache","Pâte pressée non cuite","Savoie et Haute-Savoie","1958","74143","HAUTE-SAVOIE","Houches","ReblochondeSavoie","1481"
"ReblochondeSavoie","Vache","Pâte pressée non cuite","Savoie et Haute-Savoie","1958","74140","HAUTE-SAVOIE","Habere-Poche","ReblochondeSavoie","1481"
"ReblochondeSavoie","Vache","Pâte pressée non cuite","Savoie et Haute-Savoie","1958","74139","HAUTE-SAVOIE","Habere-Lullin","ReblochondeSavoie","1481"
"ReblochondeSavoie","Vache","Pâte pressée non cuite","Savoie et Haute-Savoie","1958","74137","HAUTE-SAVOIE","Groisy","ReblochondeSavoie","1481"
"ReblochondeSavoie","Vache","Pâte pressée non cuite","Savoie et Haute-Savoie","1958","74136","HAUTE-SAVOIE","Grand-Bornand","ReblochondeSavoie","1481"
"ReblochondeSavoie","Vache","Pâte pressée non cuite","Savoie et Haute-Savoie","1958","74135","HAUTE-SAVOIE","Giez","ReblochondeSavoie","1481"
"ReblochondeSavoie","Vache","Pâte pressée non cuite","Savoie et Haute-Savoie","1958","74134","HAUTE-SAVOIE","Gets","ReblochondeSavoie","1481"
"ReblochondeSavoie","Vache","Pâte pressée non cuite","Savoie et Haute-Savoie","1958","74129","HAUTE-SAVOIE","Forclaz","ReblochondeSavoie","1481"
"ReblochondeSavoie","Vache","Pâte pressée non cuite","Savoie et Haute-Savoie","1958","74128","HAUTE-SAVOIE","Fillinges","ReblochondeSavoie","1481"
"ReblochondeSavoie","Vache","Pâte pressée non cuite","Savoie et Haute-Savoie","1958","74282","HAUTE-SAVOIE","Filliere","ReblochondeSavoie","1481"
"ReblochondeSavoie","Vache","Pâte pressée non cuite","Savoie et Haute-Savoie","1958","74127","HAUTE-SAVOIE","Feternes","ReblochondeSavoie","1481"
"ReblochondeSavoie","Vache","Pâte pressée non cuite","Savoie et Haute-Savoie","1958","74126","HAUTE-SAVOIE","Fessy","ReblochondeSavoie","1481"
"ReblochondeSavoie","Vache","Pâte pressée non cuite","Savoie et Haute-Savoie","1958","74123","HAUTE-SAVOIE","Faverges-Seythenex","ReblochondeSavoie","1481"
"ReblochondeSavoie","Vache","Pâte pressée non cuite","Savoie et Haute-Savoie","1958","74122","HAUTE-SAVOIE","Faucigny","ReblochondeSavoie","1481"
"ReblochondeSavoie","Vache","Pâte pressée non cuite","Savoie et Haute-Savoie","1958","74120","HAUTE-SAVOIE","evires","ReblochondeSavoie","1481"
"ReblochondeSavoie","Vache","Pâte pressée non cuite","Savoie et Haute-Savoie","1958","74116","HAUTE-SAVOIE","Etaux","ReblochondeSavoie","1481"
"ReblochondeSavoie","Vache","Pâte pressée non cuite","Savoie et Haute-Savoie","1958","74114","HAUTE-SAVOIE","Essert-Romand","ReblochondeSavoie","1481"
"ReblochondeSavoie","Vache","Pâte pressée non cuite","Savoie et Haute-Savoie","1958","74111","HAUTE-SAVOIE","Entrevernes","ReblochondeSavoie","1481"
"ReblochondeSavoie","Vache","Pâte pressée non cuite","Savoie et Haute-Savoie","1958","74110","HAUTE-SAVOIE","Entremont","ReblochondeSavoie","1481"
"ReblochondeSavoie","Vache","Pâte pressée non cuite","Savoie et Haute-Savoie","1958","74108","HAUTE-SAVOIE","Duingt","ReblochondeSavoie","1481"
"ReblochondeSavoie","Vache","Pâte pressée non cuite","Savoie et Haute-Savoie","1958","74104","HAUTE-SAVOIE","Doussard","ReblochondeSavoie","1481"
"ReblochondeSavoie","Vache","Pâte pressée non cuite","Savoie et Haute-Savoie","1958","74103","HAUTE-SAVOIE","Domancy","ReblochondeSavoie","1481"
"ReblochondeSavoie","Vache","Pâte pressée non cuite","Savoie et Haute-Savoie","1958","74102","HAUTE-SAVOIE","Dingy-Saint-Clair","ReblochondeSavoie","1481"
"ReblochondeSavoie","Vache","Pâte pressée non cuite","Savoie et Haute-Savoie","1958","74099","HAUTE-SAVOIE","Demi-Quartier","ReblochondeSavoie","1481"
"ReblochondeSavoie","Vache","Pâte pressée non cuite","Savoie et Haute-Savoie","1958","74096","HAUTE-SAVOIE","Cruseilles","ReblochondeSavoie","1481"
"ReblochondeSavoie","Vache","Pâte pressée non cuite","Savoie et Haute-Savoie","1958","74094","HAUTE-SAVOIE","Cranves-Sales","ReblochondeSavoie","1481"
"ReblochondeSavoie","Vache","Pâte pressée non cuite","Savoie et Haute-Savoie","1958","74091","HAUTE-SAVOIE","Cete-d'Arbroz","ReblochondeSavoie","1481"
"ReblochondeSavoie","Vache","Pâte pressée non cuite","Savoie et Haute-Savoie","1958","74090","HAUTE-SAVOIE","Cornier","ReblochondeSavoie","1481"
"ReblochondeSavoie","Vache","Pâte pressée non cuite","Savoie et Haute-Savoie","1958","74089","HAUTE-SAVOIE","Cordon","ReblochondeSavoie","1481"
"ReblochondeSavoie","Vache","Pâte pressée non cuite","Savoie et Haute-Savoie","1958","74088","HAUTE-SAVOIE","Copponex","ReblochondeSavoie","1481"
"ReblochondeSavoie","Vache","Pâte pressée non cuite","Savoie et Haute-Savoie","1958","74085","HAUTE-SAVOIE","Contamines-Montjoie","ReblochondeSavoie","1481"
"ReblochondeSavoie","Vache","Pâte pressée non cuite","Savoie et Haute-Savoie","1958","74087","HAUTE-SAVOIE","Contamine-sur-Arve","ReblochondeSavoie","1481"
"ReblochondeSavoie","Vache","Pâte pressée non cuite","Savoie et Haute-Savoie","1958","74084","HAUTE-SAVOIE","Cons-Sainte-Colombe","ReblochondeSavoie","1481"
"ReblochondeSavoie","Vache","Pâte pressée non cuite","Savoie et Haute-Savoie","1958","74083","HAUTE-SAVOIE","Combloux","ReblochondeSavoie","1481"
"ReblochondeSavoie","Vache","Pâte pressée non cuite","Savoie et Haute-Savoie","1958","74082","HAUTE-SAVOIE","Collonges-sous-Saleve","ReblochondeSavoie","1481"
"ReblochondeSavoie","Vache","Pâte pressée non cuite","Savoie et Haute-Savoie","1958","74081","HAUTE-SAVOIE","Cluses","ReblochondeSavoie","1481"
"ReblochondeSavoie","Vache","Pâte pressée non cuite","Savoie et Haute-Savoie","1958","74080","HAUTE-SAVOIE","Clusaz","ReblochondeSavoie","1481"
"ReblochondeSavoie","Vache","Pâte pressée non cuite","Savoie et Haute-Savoie","1958","74079","HAUTE-SAVOIE","Clefs","ReblochondeSavoie","1481"
"ReblochondeSavoie","Vache","Pâte pressée non cuite","Savoie et Haute-Savoie","1958","74073","HAUTE-SAVOIE","Chevenoz","ReblochondeSavoie","1481"
"ReblochondeSavoie","Vache","Pâte pressée non cuite","Savoie et Haute-Savoie","1958","74072","HAUTE-SAVOIE","Chevaline","ReblochondeSavoie","1481"
"ReblochondeSavoie","Vache","Pâte pressée non cuite","Savoie et Haute-Savoie","1958","74064","HAUTE-SAVOIE","Chetillon-sur-Cluses","ReblochondeSavoie","1481"
"ReblochondeSavoie","Vache","Pâte pressée non cuite","Savoie et Haute-Savoie","1958","74063","HAUTE-SAVOIE","Chetel","ReblochondeSavoie","1481"
"ReblochondeSavoie","Vache","Pâte pressée non cuite","Savoie et Haute-Savoie","1958","74062","HAUTE-SAVOIE","Charvonnex","ReblochondeSavoie","1481"
"ReblochondeSavoie","Vache","Pâte pressée non cuite","Savoie et Haute-Savoie","1958","74060","HAUTE-SAVOIE","Chapelle-Saint-Maurice","ReblochondeSavoie","1481"
"ReblochondeSavoie","Vache","Pâte pressée non cuite","Savoie et Haute-Savoie","1958","74059","HAUTE-SAVOIE","Chapelle-Rambaud","ReblochondeSavoie","1481"
"ReblochondeSavoie","Vache","Pâte pressée non cuite","Savoie et Haute-Savoie","1958","74058","HAUTE-SAVOIE","Chapelle-d'Abondance","ReblochondeSavoie","1481"
"ReblochondeSavoie","Vache","Pâte pressée non cuite","Savoie et Haute-Savoie","1958","74056","HAUTE-SAVOIE","Chamonix-Mont-Blanc","ReblochondeSavoie","1481"
"ReblochondeSavoie","Vache","Pâte pressée non cuite","Savoie et Haute-Savoie","1958","74053","HAUTE-SAVOIE","Cervens","ReblochondeSavoie","1481"
"ReblochondeSavoie","Vache","Pâte pressée non cuite","Savoie et Haute-Savoie","1958","74050","HAUTE-SAVOIE","Burdignin","ReblochondeSavoie","1481"
"ReblochondeSavoie","Vache","Pâte pressée non cuite","Savoie et Haute-Savoie","1958","74049","HAUTE-SAVOIE","Brizon","ReblochondeSavoie","1481"
"ReblochondeSavoie","Vache","Pâte pressée non cuite","Savoie et Haute-Savoie","1958","74048","HAUTE-SAVOIE","Brenthonne","ReblochondeSavoie","1481"
"ReblochondeSavoie","Vache","Pâte pressée non cuite","Savoie et Haute-Savoie","1958","74045","HAUTE-SAVOIE","Bouchet-Mont-Charvin","ReblochondeSavoie","1481"
"ReblochondeSavoie","Vache","Pâte pressée non cuite","Savoie et Haute-Savoie","1958","74043","HAUTE-SAVOIE","Bons-en-Chablais","ReblochondeSavoie","1481"
"ReblochondeSavoie","Vache","Pâte pressée non cuite","Savoie et Haute-Savoie","1958","74042","HAUTE-SAVOIE","Bonneville","ReblochondeSavoie","1481"
"ReblochondeSavoie","Vache","Pâte pressée non cuite","Savoie et Haute-Savoie","1958","74041","HAUTE-SAVOIE","Bonnevaux","ReblochondeSavoie","1481"
"ReblochondeSavoie","Vache","Pâte pressée non cuite","Savoie et Haute-Savoie","1958","74040","HAUTE-SAVOIE","Bonne","ReblochondeSavoie","1481"
"ReblochondeSavoie","Vache","Pâte pressée non cuite","Savoie et Haute-Savoie","1958","74038","HAUTE-SAVOIE","Bogeve","ReblochondeSavoie","1481"
"ReblochondeSavoie","Vache","Pâte pressée non cuite","Savoie et Haute-Savoie","1958","74037","HAUTE-SAVOIE","Boege","ReblochondeSavoie","1481"
"ReblochondeSavoie","Vache","Pâte pressée non cuite","Savoie et Haute-Savoie","1958","74036","HAUTE-SAVOIE","Bluffy","ReblochondeSavoie","1481"
"ReblochondeSavoie","Vache","Pâte pressée non cuite","Savoie et Haute-Savoie","1958","74034","HAUTE-SAVOIE","Biot","ReblochondeSavoie","1481"
"ReblochondeSavoie","Vache","Pâte pressée non cuite","Savoie et Haute-Savoie","1958","74033","HAUTE-SAVOIE","Bernex","ReblochondeSavoie","1481"
"ReblochondeSavoie","Vache","Pâte pressée non cuite","Savoie et Haute-Savoie","1958","74032","HAUTE-SAVOIE","Bellevaux","ReblochondeSavoie","1481"
"ReblochondeSavoie","Vache","Pâte pressée non cuite","Savoie et Haute-Savoie","1958","74031","HAUTE-SAVOIE","Beaumont","ReblochondeSavoie","1481"
"ReblochondeSavoie","Vache","Pâte pressée non cuite","Savoie et Haute-Savoie","1958","74030","HAUTE-SAVOIE","Baume","ReblochondeSavoie","1481"
"ReblochondeSavoie","Vache","Pâte pressée non cuite","Savoie et Haute-Savoie","1958","74027","HAUTE-SAVOIE","Balme-de-Thuy","ReblochondeSavoie","1481"
"ReblochondeSavoie","Vache","Pâte pressée non cuite","Savoie et Haute-Savoie","1958","74025","HAUTE-SAVOIE","Ballaison","ReblochondeSavoie","1481"
"ReblochondeSavoie","Vache","Pâte pressée non cuite","Savoie et Haute-Savoie","1958","74024","HAUTE-SAVOIE","Ayse","ReblochondeSavoie","1481"
"ReblochondeSavoie","Vache","Pâte pressée non cuite","Savoie et Haute-Savoie","1958","74022","HAUTE-SAVOIE","Aviernoz","ReblochondeSavoie","1481"
"ReblochondeSavoie","Vache","Pâte pressée non cuite","Savoie et Haute-Savoie","1958","74021","HAUTE-SAVOIE","Arthaz-Pont-Notre-Dame","ReblochondeSavoie","1481"
"ReblochondeSavoie","Vache","Pâte pressée non cuite","Savoie et Haute-Savoie","1958","74020","HAUTE-SAVOIE","Armoy","ReblochondeSavoie","1481"
"ReblochondeSavoie","Vache","Pâte pressée non cuite","Savoie et Haute-Savoie","1958","74018","HAUTE-SAVOIE","Arenthon","ReblochondeSavoie","1481"
"ReblochondeSavoie","Vache","Pâte pressée non cuite","Savoie et Haute-Savoie","1958","74015","HAUTE-SAVOIE","Arbusigny","ReblochondeSavoie","1481"
"ReblochondeSavoie","Vache","Pâte pressée non cuite","Savoie et Haute-Savoie","1958","74014","HAUTE-SAVOIE","Areches-la-Frasse","ReblochondeSavoie","1481"
"ReblochondeSavoie","Vache","Pâte pressée non cuite","Savoie et Haute-Savoie","1958","74011","HAUTE-SAVOIE","Annecy-le-Vieux","ReblochondeSavoie","1481"
"ReblochondeSavoie","Vache","Pâte pressée non cuite","Savoie et Haute-Savoie","1958","74009","HAUTE-SAVOIE","Andilly","ReblochondeSavoie","1481"
"ReblochondeSavoie","Vache","Pâte pressée non cuite","Savoie et Haute-Savoie","1958","74007","HAUTE-SAVOIE","Amancy","ReblochondeSavoie","1481"
"ReblochondeSavoie","Vache","Pâte pressée non cuite","Savoie et Haute-Savoie","1958","74005","HAUTE-SAVOIE","Allinges","ReblochondeSavoie","1481"
"ReblochondeSavoie","Vache","Pâte pressée non cuite","Savoie et Haute-Savoie","1958","74003","HAUTE-SAVOIE","Alex","ReblochondeSavoie","1481"
"ReblochondeSavoie","Vache","Pâte pressée non cuite","Savoie et Haute-Savoie","1958","74001","HAUTE-SAVOIE","Abondance","ReblochondeSavoie","1481"
"Abondance","Vache","Pâte pressée cuite","'Val d''Abondance (Haute-Savoie)'","1990","74313","HAUTE-SAVOIE","Vovray-en-Bornes","Abondance","1454"
"Abondance","Vache","Pâte pressée cuite","'Val d''Abondance (Haute-Savoie)'","1990","74312","HAUTE-SAVOIE","Vougy","Abondance","1454"
"Abondance","Vache","Pâte pressée cuite","'Val d''Abondance (Haute-Savoie)'","1990","74310","HAUTE-SAVOIE","Viuz-la-Chiesaz","Abondance","1454"
"Abondance","Vache","Pâte pressée cuite","'Val d''Abondance (Haute-Savoie)'","1990","74311","HAUTE-SAVOIE","Viuz-en-Sallaz","Abondance","1454"
"Abondance","Vache","Pâte pressée cuite","'Val d''Abondance (Haute-Savoie)'","1990","74308","HAUTE-SAVOIE","Vinzier","Abondance","1454"
"Abondance","Vache","Pâte pressée cuite","'Val d''Abondance (Haute-Savoie)'","1990","74307","HAUTE-SAVOIE","Villy-le-Pelloux","Abondance","1454"
"Abondance","Vache","Pâte pressée cuite","'Val d''Abondance (Haute-Savoie)'","1990","74306","HAUTE-SAVOIE","Villy-le-Bouveret","Abondance","1454"
"Abondance","Vache","Pâte pressée cuite","'Val d''Abondance (Haute-Savoie)'","1990","74304","HAUTE-SAVOIE","Ville-en-Sallaz","Abondance","1454"
"Abondance","Vache","Pâte pressée cuite","'Val d''Abondance (Haute-Savoie)'","1990","74303","HAUTE-SAVOIE","Villaz","Abondance","1454"
"Abondance","Vache","Pâte pressée cuite","'Val d''Abondance (Haute-Savoie)'","1990","74302","HAUTE-SAVOIE","Villards-sur-Thenes","Abondance","1454"
"Abondance","Vache","Pâte pressée cuite","'Val d''Abondance (Haute-Savoie)'","1990","74301","HAUTE-SAVOIE","Villard","Abondance","1454"
"Abondance","Vache","Pâte pressée cuite","'Val d''Abondance (Haute-Savoie)'","1990","74299","HAUTE-SAVOIE","Veyrier-du-Lac","Abondance","1454"
"Abondance","Vache","Pâte pressée cuite","'Val d''Abondance (Haute-Savoie)'","1990","74296","HAUTE-SAVOIE","Vers","Abondance","1454"
"Abondance","Vache","Pâte pressée cuite","'Val d''Abondance (Haute-Savoie)'","1990","74295","HAUTE-SAVOIE","Vernaz","Abondance","1454"
"Abondance","Vache","Pâte pressée cuite","'Val d''Abondance (Haute-Savoie)'","1990","74294","HAUTE-SAVOIE","Verchaix","Abondance","1454"
"Abondance","Vache","Pâte pressée cuite","'Val d''Abondance (Haute-Savoie)'","1990","74290","HAUTE-SAVOIE","Vallorcine","Abondance","1454"
"Abondance","Vache","Pâte pressée cuite","'Val d''Abondance (Haute-Savoie)'","1990","74167","HAUTE-SAVOIE","ValdeChaise","Abondance","1454"
"Abondance","Vache","Pâte pressée cuite","'Val d''Abondance (Haute-Savoie)'","1990","74287","HAUTE-SAVOIE","Vailly","Abondance","1454"
"Abondance","Vache","Pâte pressée cuite","'Val d''Abondance (Haute-Savoie)'","1990","74286","HAUTE-SAVOIE","Vacheresse","Abondance","1454"
"Abondance","Vache","Pâte pressée cuite","'Val d''Abondance (Haute-Savoie)'","1990","74284","HAUTE-SAVOIE","Tour","Abondance","1454"
"Abondance","Vache","Pâte pressée cuite","'Val d''Abondance (Haute-Savoie)'","1990","74278","HAUTE-SAVOIE","Thyez","Abondance","1454"
"Abondance","Vache","Pâte pressée cuite","'Val d''Abondance (Haute-Savoie)'","1990","74280","HAUTE-SAVOIE","Thenes","Abondance","1454"
"Abondance","Vache","Pâte pressée cuite","'Val d''Abondance (Haute-Savoie)'","1990","74279","HAUTE-SAVOIE","Thollon-les-Memises","Abondance","1454"
"Abondance","Vache","Pâte pressée cuite","'Val d''Abondance (Haute-Savoie)'","1990","74276","HAUTE-SAVOIE","Taninges","Abondance","1454"
"Abondance","Vache","Pâte pressée cuite","'Val d''Abondance (Haute-Savoie)'","1990","74275","HAUTE-SAVOIE","Talloires-Montmin","Abondance","1454"
"Abondance","Vache","Pâte pressée cuite","'Val d''Abondance (Haute-Savoie)'","1990","74273","HAUTE-SAVOIE","Sixt-Fer-e-Cheval","Abondance","1454"
"Abondance","Vache","Pâte pressée cuite","'Val d''Abondance (Haute-Savoie)'","1990","74271","HAUTE-SAVOIE","Seytroux","Abondance","1454"
"Abondance","Vache","Pâte pressée cuite","'Val d''Abondance (Haute-Savoie)'","1990","74270","HAUTE-SAVOIE","Seythenex","Abondance","1454"
"Abondance","Vache","Pâte pressée cuite","'Val d''Abondance (Haute-Savoie)'","1990","74267","HAUTE-SAVOIE","Sevrier","Abondance","1454"
"Abondance","Vache","Pâte pressée cuite","'Val d''Abondance (Haute-Savoie)'","1990","74266","HAUTE-SAVOIE","Servoz","Abondance","1454"
"Abondance","Vache","Pâte pressée cuite","'Val d''Abondance (Haute-Savoie)'","1990","74265","HAUTE-SAVOIE","Serraval","Abondance","1454"
"Abondance","Vache","Pâte pressée cuite","'Val d''Abondance (Haute-Savoie)'","1990","74264","HAUTE-SAVOIE","Scionzier","Abondance","1454"
"Abondance","Vache","Pâte pressée cuite","'Val d''Abondance (Haute-Savoie)'","1990","74261","HAUTE-SAVOIE","Saxel","Abondance","1454"
"Abondance","Vache","Pâte pressée cuite","'Val d''Abondance (Haute-Savoie)'","1990","74259","HAUTE-SAVOIE","Sappey","Abondance","1454"
"Abondance","Vache","Pâte pressée cuite","'Val d''Abondance (Haute-Savoie)'","1990","74258","HAUTE-SAVOIE","Samoens","Abondance","1454"
"Abondance","Vache","Pâte pressée cuite","'Val d''Abondance (Haute-Savoie)'","1990","74256","HAUTE-SAVOIE","Sallanches","Abondance","1454"
"Abondance","Vache","Pâte pressée cuite","'Val d''Abondance (Haute-Savoie)'","1990","74253","HAUTE-SAVOIE","Saint-Sixt","Abondance","1454"
"Abondance","Vache","Pâte pressée cuite","'Val d''Abondance (Haute-Savoie)'","1990","74252","HAUTE-SAVOIE","Saint-Sigismond","Abondance","1454"
"Abondance","Vache","Pâte pressée cuite","'Val d''Abondance (Haute-Savoie)'","1990","74250","HAUTE-SAVOIE","Saint-Pierre-en-Faucigny","Abondance","1454"
"Abondance","Vache","Pâte pressée cuite","'Val d''Abondance (Haute-Savoie)'","1990","74249","HAUTE-SAVOIE","Saint-Paul-en-Chablais","Abondance","1454"
"Abondance","Vache","Pâte pressée cuite","'Val d''Abondance (Haute-Savoie)'","1990","74245","HAUTE-SAVOIE","Saint-Martin-Bellevue","Abondance","1454"
"Abondance","Vache","Pâte pressée cuite","'Val d''Abondance (Haute-Savoie)'","1990","74244","HAUTE-SAVOIE","Saint-Laurent","Abondance","1454"
"Abondance","Vache","Pâte pressée cuite","'Val d''Abondance (Haute-Savoie)'","1990","74242","HAUTE-SAVOIE","Saint-Jorioz","Abondance","1454"
"Abondance","Vache","Pâte pressée cuite","'Val d''Abondance (Haute-Savoie)'","1990","74241","HAUTE-SAVOIE","Saint-Jeoire","Abondance","1454"
"Abondance","Vache","Pâte pressée cuite","'Val d''Abondance (Haute-Savoie)'","1990","74240","HAUTE-SAVOIE","Saint-Jean-de-Tholome","Abondance","1454"
"Abondance","Vache","Pâte pressée cuite","'Val d''Abondance (Haute-Savoie)'","1990","74239","HAUTE-SAVOIE","Saint-Jean-de-Sixt","Abondance","1454"
"Abondance","Vache","Pâte pressée cuite","'Val d''Abondance (Haute-Savoie)'","1990","74238","HAUTE-SAVOIE","Saint-Jean-d'Aulps","Abondance","1454"
"Abondance","Vache","Pâte pressée cuite","'Val d''Abondance (Haute-Savoie)'","1990","74237","HAUTE-SAVOIE","Saint-Gingolph","Abondance","1454"
"Abondance","Vache","Pâte pressée cuite","'Val d''Abondance (Haute-Savoie)'","1990","74236","HAUTE-SAVOIE","Saint-Gervais-les-Bains","Abondance","1454"
"Abondance","Vache","Pâte pressée cuite","'Val d''Abondance (Haute-Savoie)'","1990","74234","HAUTE-SAVOIE","Saint-Ferreol","Abondance","1454"
"Abondance","Vache","Pâte pressée cuite","'Val d''Abondance (Haute-Savoie)'","1990","74232","HAUTE-SAVOIE","Saint-Eustache","Abondance","1454"
"Abondance","Vache","Pâte pressée cuite","'Val d''Abondance (Haute-Savoie)'","1990","74228","HAUTE-SAVOIE","Saint-Blaise","Abondance","1454"
"Abondance","Vache","Pâte pressée cuite","'Val d''Abondance (Haute-Savoie)'","1990","74226","HAUTE-SAVOIE","Saint-Andre-de-Boege","Abondance","1454"
"Abondance","Vache","Pâte pressée cuite","'Val d''Abondance (Haute-Savoie)'","1990","74224","HAUTE-SAVOIE","Roche-sur-Foron","Abondance","1454"
"Abondance","Vache","Pâte pressée cuite","'Val d''Abondance (Haute-Savoie)'","1990","74223","HAUTE-SAVOIE","Riviere-Enverse","Abondance","1454"
"Abondance","Vache","Pâte pressée cuite","'Val d''Abondance (Haute-Savoie)'","1990","74222","HAUTE-SAVOIE","Reyvroz","Abondance","1454"
"Abondance","Vache","Pâte pressée cuite","'Val d''Abondance (Haute-Savoie)'","1990","74221","HAUTE-SAVOIE","Reposoir","Abondance","1454"
"Abondance","Vache","Pâte pressée cuite","'Val d''Abondance (Haute-Savoie)'","1990","74219","HAUTE-SAVOIE","Quintal","Abondance","1454"
"Abondance","Vache","Pâte pressée cuite","'Val d''Abondance (Haute-Savoie)'","1990","74216","HAUTE-SAVOIE","Presilly","Abondance","1454"
"Abondance","Vache","Pâte pressée cuite","'Val d''Abondance (Haute-Savoie)'","1990","74215","HAUTE-SAVOIE","Praz-sur-Arly","Abondance","1454"
"Abondance","Vache","Pâte pressée cuite","'Val d''Abondance (Haute-Savoie)'","1990","74212","HAUTE-SAVOIE","Petit-Bornand-les-Glieres","Abondance","1454"
"Abondance","Vache","Pâte pressée cuite","'Val d''Abondance (Haute-Savoie)'","1990","74211","HAUTE-SAVOIE","Pers-Jussy","Abondance","1454"
"Abondance","Vache","Pâte pressée cuite","'Val d''Abondance (Haute-Savoie)'","1990","74209","HAUTE-SAVOIE","Peillonnex","Abondance","1454"
"Abondance","Vache","Pâte pressée cuite","'Val d''Abondance (Haute-Savoie)'","1990","74208","HAUTE-SAVOIE","Passy","Abondance","1454"
"Abondance","Vache","Pâte pressée cuite","'Val d''Abondance (Haute-Savoie)'","1990","74206","HAUTE-SAVOIE","Orcier","Abondance","1454"
"Abondance","Vache","Pâte pressée cuite","'Val d''Abondance (Haute-Savoie)'","1990","74205","HAUTE-SAVOIE","Onnion","Abondance","1454"
"Abondance","Vache","Pâte pressée cuite","'Val d''Abondance (Haute-Savoie)'","1990","74204","HAUTE-SAVOIE","Ollieres","Abondance","1454"
"Abondance","Vache","Pâte pressée cuite","'Val d''Abondance (Haute-Savoie)'","1990","74203","HAUTE-SAVOIE","Novel","Abondance","1454"
"Abondance","Vache","Pâte pressée cuite","'Val d''Abondance (Haute-Savoie)'","1990","74198","HAUTE-SAVOIE","Neves-Parmelan","Abondance","1454"
"Abondance","Vache","Pâte pressée cuite","'Val d''Abondance (Haute-Savoie)'","1990","74196","HAUTE-SAVOIE","Nancy-sur-Cluses","Abondance","1454"
"Abondance","Vache","Pâte pressée cuite","'Val d''Abondance (Haute-Savoie)'","1990","74194","HAUTE-SAVOIE","Meres","Abondance","1454"
"Abondance","Vache","Pâte pressée cuite","'Val d''Abondance (Haute-Savoie)'","1990","74193","HAUTE-SAVOIE","Muraz","Abondance","1454"
"Abondance","Vache","Pâte pressée cuite","'Val d''Abondance (Haute-Savoie)'","1990","74191","HAUTE-SAVOIE","Morzine","Abondance","1454"
"Abondance","Vache","Pâte pressée cuite","'Val d''Abondance (Haute-Savoie)'","1990","74190","HAUTE-SAVOIE","Morillon","Abondance","1454"
"Abondance","Vache","Pâte pressée cuite","'Val d''Abondance (Haute-Savoie)'","1990","74188","HAUTE-SAVOIE","Montriond","Abondance","1454"
"Abondance","Vache","Pâte pressée cuite","'Val d''Abondance (Haute-Savoie)'","1990","74187","HAUTE-SAVOIE","Montmin","Abondance","1454"
"Abondance","Vache","Pâte pressée cuite","'Val d''Abondance (Haute-Savoie)'","1990","74189","HAUTE-SAVOIE","Mont-Saxonnex","Abondance","1454"
"Abondance","Vache","Pâte pressée cuite","'Val d''Abondance (Haute-Savoie)'","1990","74183","HAUTE-SAVOIE","Mieussy","Abondance","1454"
"Abondance","Vache","Pâte pressée cuite","'Val d''Abondance (Haute-Savoie)'","1990","74177","HAUTE-SAVOIE","Menthonnex-en-Bornes","Abondance","1454"
"Abondance","Vache","Pâte pressée cuite","'Val d''Abondance (Haute-Savoie)'","1990","74176","HAUTE-SAVOIE","Menthon-Saint-Bernard","Abondance","1454"
"Abondance","Vache","Pâte pressée cuite","'Val d''Abondance (Haute-Savoie)'","1990","74175","HAUTE-SAVOIE","Meillerie","Abondance","1454"
"Abondance","Vache","Pâte pressée cuite","'Val d''Abondance (Haute-Savoie)'","1990","74174","HAUTE-SAVOIE","Megevette","Abondance","1454"
"Abondance","Vache","Pâte pressée cuite","'Val d''Abondance (Haute-Savoie)'","1990","74173","HAUTE-SAVOIE","Megeve","Abondance","1454"
"Abondance","Vache","Pâte pressée cuite","'Val d''Abondance (Haute-Savoie)'","1990","74169","HAUTE-SAVOIE","Marnaz","Abondance","1454"
"Abondance","Vache","Pâte pressée cuite","'Val d''Abondance (Haute-Savoie)'","1990","74164","HAUTE-SAVOIE","Marignier","Abondance","1454"
"Abondance","Vache","Pâte pressée cuite","'Val d''Abondance (Haute-Savoie)'","1990","74162","HAUTE-SAVOIE","Marcellaz","Abondance","1454"
"Abondance","Vache","Pâte pressée cuite","'Val d''Abondance (Haute-Savoie)'","1990","74160","HAUTE-SAVOIE","Manigod","Abondance","1454"
"Abondance","Vache","Pâte pressée cuite","'Val d''Abondance (Haute-Savoie)'","1990","74159","HAUTE-SAVOIE","Magland","Abondance","1454"
"Abondance","Vache","Pâte pressée cuite","'Val d''Abondance (Haute-Savoie)'","1990","74157","HAUTE-SAVOIE","Lyaud","Abondance","1454"
"Abondance","Vache","Pâte pressée cuite","'Val d''Abondance (Haute-Savoie)'","1990","74155","HAUTE-SAVOIE","Lullin","Abondance","1454"
"Abondance","Vache","Pâte pressée cuite","'Val d''Abondance (Haute-Savoie)'","1990","74154","HAUTE-SAVOIE","Lugrin","Abondance","1454"
"Abondance","Vache","Pâte pressée cuite","'Val d''Abondance (Haute-Savoie)'","1990","74153","HAUTE-SAVOIE","Lucinges","Abondance","1454"
"Abondance","Vache","Pâte pressée cuite","'Val d''Abondance (Haute-Savoie)'","1990","74148","HAUTE-SAVOIE","Leschaux","Abondance","1454"
"Abondance","Vache","Pâte pressée cuite","'Val d''Abondance (Haute-Savoie)'","1990","74147","HAUTE-SAVOIE","Lathuile","Abondance","1454"
"Abondance","Vache","Pâte pressée cuite","'Val d''Abondance (Haute-Savoie)'","1990","74146","HAUTE-SAVOIE","Larringes","Abondance","1454"
"Abondance","Vache","Pâte pressée cuite","'Val d''Abondance (Haute-Savoie)'","1990","74143","HAUTE-SAVOIE","Houches","Abondance","1454"
"Abondance","Vache","Pâte pressée cuite","'Val d''Abondance (Haute-Savoie)'","1990","74142","HAUTE-SAVOIE","Hery-sur-Alby","Abondance","1454"
"Abondance","Vache","Pâte pressée cuite","'Val d''Abondance (Haute-Savoie)'","1990","74140","HAUTE-SAVOIE","Habere-Poche","Abondance","1454"
"Abondance","Vache","Pâte pressée cuite","'Val d''Abondance (Haute-Savoie)'","1990","74139","HAUTE-SAVOIE","Habere-Lullin","Abondance","1454"
"Abondance","Vache","Pâte pressée cuite","'Val d''Abondance (Haute-Savoie)'","1990","74138","HAUTE-SAVOIE","Gruffy","Abondance","1454"
"Abondance","Vache","Pâte pressée cuite","'Val d''Abondance (Haute-Savoie)'","1990","74137","HAUTE-SAVOIE","Groisy","Abondance","1454"
"Abondance","Vache","Pâte pressée cuite","'Val d''Abondance (Haute-Savoie)'","1990","74136","HAUTE-SAVOIE","Grand-Bornand","Abondance","1454"
"Abondance","Vache","Pâte pressée cuite","'Val d''Abondance (Haute-Savoie)'","1990","74135","HAUTE-SAVOIE","Giez","Abondance","1454"
"Abondance","Vache","Pâte pressée cuite","'Val d''Abondance (Haute-Savoie)'","1990","74134","HAUTE-SAVOIE","Gets","Abondance","1454"
"Abondance","Vache","Pâte pressée cuite","'Val d''Abondance (Haute-Savoie)'","1990","74129","HAUTE-SAVOIE","Forclaz","Abondance","1454"
"Abondance","Vache","Pâte pressée cuite","'Val d''Abondance (Haute-Savoie)'","1990","74128","HAUTE-SAVOIE","Fillinges","Abondance","1454"
"Abondance","Vache","Pâte pressée cuite","'Val d''Abondance (Haute-Savoie)'","1990","74282","HAUTE-SAVOIE","Filliere","Abondance","1454"
"Abondance","Vache","Pâte pressée cuite","'Val d''Abondance (Haute-Savoie)'","1990","74127","HAUTE-SAVOIE","Feternes","Abondance","1454"
"Abondance","Vache","Pâte pressée cuite","'Val d''Abondance (Haute-Savoie)'","1990","74126","HAUTE-SAVOIE","Fessy","Abondance","1454"
"Abondance","Vache","Pâte pressée cuite","'Val d''Abondance (Haute-Savoie)'","1990","74123","HAUTE-SAVOIE","Faverges-Seythenex","Abondance","1454"
"Abondance","Vache","Pâte pressée cuite","'Val d''Abondance (Haute-Savoie)'","1990","74122","HAUTE-SAVOIE","Faucigny","Abondance","1454"
"Abondance","Vache","Pâte pressée cuite","'Val d''Abondance (Haute-Savoie)'","1990","74120","HAUTE-SAVOIE","evires","Abondance","1454"
"Abondance","Vache","Pâte pressée cuite","'Val d''Abondance (Haute-Savoie)'","1990","74116","HAUTE-SAVOIE","Etaux","Abondance","1454"
"Abondance","Vache","Pâte pressée cuite","'Val d''Abondance (Haute-Savoie)'","1990","74114","HAUTE-SAVOIE","Essert-Romand","Abondance","1454"
"Abondance","Vache","Pâte pressée cuite","'Val d''Abondance (Haute-Savoie)'","1990","74111","HAUTE-SAVOIE","Entrevernes","Abondance","1454"
"Abondance","Vache","Pâte pressée cuite","'Val d''Abondance (Haute-Savoie)'","1990","74110","HAUTE-SAVOIE","Entremont","Abondance","1454"
"Abondance","Vache","Pâte pressée cuite","'Val d''Abondance (Haute-Savoie)'","1990","74108","HAUTE-SAVOIE","Duingt","Abondance","1454"
"Abondance","Vache","Pâte pressée cuite","'Val d''Abondance (Haute-Savoie)'","1990","74104","HAUTE-SAVOIE","Doussard","Abondance","1454"
"Abondance","Vache","Pâte pressée cuite","'Val d''Abondance (Haute-Savoie)'","1990","74103","HAUTE-SAVOIE","Domancy","Abondance","1454"
"Abondance","Vache","Pâte pressée cuite","'Val d''Abondance (Haute-Savoie)'","1990","74102","HAUTE-SAVOIE","Dingy-Saint-Clair","Abondance","1454"
"Abondance","Vache","Pâte pressée cuite","'Val d''Abondance (Haute-Savoie)'","1990","74099","HAUTE-SAVOIE","Demi-Quartier","Abondance","1454"
"Abondance","Vache","Pâte pressée cuite","'Val d''Abondance (Haute-Savoie)'","1990","74098","HAUTE-SAVOIE","Cuvat","Abondance","1454"
"Abondance","Vache","Pâte pressée cuite","'Val d''Abondance (Haute-Savoie)'","1990","74097","HAUTE-SAVOIE","Cusy","Abondance","1454"
"Abondance","Vache","Pâte pressée cuite","'Val d''Abondance (Haute-Savoie)'","1990","74096","HAUTE-SAVOIE","Cruseilles","Abondance","1454"
"Abondance","Vache","Pâte pressée cuite","'Val d''Abondance (Haute-Savoie)'","1990","74091","HAUTE-SAVOIE","Cete-d'Arbroz","Abondance","1454"
"Abondance","Vache","Pâte pressée cuite","'Val d''Abondance (Haute-Savoie)'","1990","74090","HAUTE-SAVOIE","Cornier","Abondance","1454"
"Abondance","Vache","Pâte pressée cuite","'Val d''Abondance (Haute-Savoie)'","1990","74089","HAUTE-SAVOIE","Cordon","Abondance","1454"
"Abondance","Vache","Pâte pressée cuite","'Val d''Abondance (Haute-Savoie)'","1990","74088","HAUTE-SAVOIE","Copponex","Abondance","1454"
"Abondance","Vache","Pâte pressée cuite","'Val d''Abondance (Haute-Savoie)'","1990","74085","HAUTE-SAVOIE","Contamines-Montjoie","Abondance","1454"
"Abondance","Vache","Pâte pressée cuite","'Val d''Abondance (Haute-Savoie)'","1990","74087","HAUTE-SAVOIE","Contamine-sur-Arve","Abondance","1454"
"Abondance","Vache","Pâte pressée cuite","'Val d''Abondance (Haute-Savoie)'","1990","74084","HAUTE-SAVOIE","Cons-Sainte-Colombe","Abondance","1454"
"Abondance","Vache","Pâte pressée cuite","'Val d''Abondance (Haute-Savoie)'","1990","74083","HAUTE-SAVOIE","Combloux","Abondance","1454"
"Abondance","Vache","Pâte pressée cuite","'Val d''Abondance (Haute-Savoie)'","1990","74082","HAUTE-SAVOIE","Collonges-sous-Saleve","Abondance","1454"
"Abondance","Vache","Pâte pressée cuite","'Val d''Abondance (Haute-Savoie)'","1990","74081","HAUTE-SAVOIE","Cluses","Abondance","1454"
"Abondance","Vache","Pâte pressée cuite","'Val d''Abondance (Haute-Savoie)'","1990","74080","HAUTE-SAVOIE","Clusaz","Abondance","1454"
"Abondance","Vache","Pâte pressée cuite","'Val d''Abondance (Haute-Savoie)'","1990","74079","HAUTE-SAVOIE","Clefs","Abondance","1454"
"Abondance","Vache","Pâte pressée cuite","'Val d''Abondance (Haute-Savoie)'","1990","74076","HAUTE-SAVOIE","Choisy","Abondance","1454"
"Abondance","Vache","Pâte pressée cuite","'Val d''Abondance (Haute-Savoie)'","1990","74073","HAUTE-SAVOIE","Chevenoz","Abondance","1454"
"Abondance","Vache","Pâte pressée cuite","'Val d''Abondance (Haute-Savoie)'","1990","74072","HAUTE-SAVOIE","Chevaline","Abondance","1454"
"Abondance","Vache","Pâte pressée cuite","'Val d''Abondance (Haute-Savoie)'","1990","74064","HAUTE-SAVOIE","Chetillon-sur-Cluses","Abondance","1454"
"Abondance","Vache","Pâte pressée cuite","'Val d''Abondance (Haute-Savoie)'","1990","74063","HAUTE-SAVOIE","Chetel","Abondance","1454"
"Abondance","Vache","Pâte pressée cuite","'Val d''Abondance (Haute-Savoie)'","1990","74062","HAUTE-SAVOIE","Charvonnex","Abondance","1454"
"Abondance","Vache","Pâte pressée cuite","'Val d''Abondance (Haute-Savoie)'","1990","74060","HAUTE-SAVOIE","Chapelle-Saint-Maurice","Abondance","1454"
"Abondance","Vache","Pâte pressée cuite","'Val d''Abondance (Haute-Savoie)'","1990","74059","HAUTE-SAVOIE","Chapelle-Rambaud","Abondance","1454"
"Abondance","Vache","Pâte pressée cuite","'Val d''Abondance (Haute-Savoie)'","1990","74058","HAUTE-SAVOIE","Chapelle-d'Abondance","Abondance","1454"
"Abondance","Vache","Pâte pressée cuite","'Val d''Abondance (Haute-Savoie)'","1990","74057","HAUTE-SAVOIE","Champanges","Abondance","1454"
"Abondance","Vache","Pâte pressée cuite","'Val d''Abondance (Haute-Savoie)'","1990","74056","HAUTE-SAVOIE","Chamonix-Mont-Blanc","Abondance","1454"
"Abondance","Vache","Pâte pressée cuite","'Val d''Abondance (Haute-Savoie)'","1990","74054","HAUTE-SAVOIE","Chainaz-les-Frasses","Abondance","1454"
"Abondance","Vache","Pâte pressée cuite","'Val d''Abondance (Haute-Savoie)'","1990","74053","HAUTE-SAVOIE","Cervens","Abondance","1454"
"Abondance","Vache","Pâte pressée cuite","'Val d''Abondance (Haute-Savoie)'","1990","74052","HAUTE-SAVOIE","Cernex","Abondance","1454"
"Abondance","Vache","Pâte pressée cuite","'Val d''Abondance (Haute-Savoie)'","1990","74051","HAUTE-SAVOIE","Cercier","Abondance","1454"
"Abondance","Vache","Pâte pressée cuite","'Val d''Abondance (Haute-Savoie)'","1990","74050","HAUTE-SAVOIE","Burdignin","Abondance","1454"
"Abondance","Vache","Pâte pressée cuite","'Val d''Abondance (Haute-Savoie)'","1990","74049","HAUTE-SAVOIE","Brizon","Abondance","1454"
"Abondance","Vache","Pâte pressée cuite","'Val d''Abondance (Haute-Savoie)'","1990","74048","HAUTE-SAVOIE","Brenthonne","Abondance","1454"
"Abondance","Vache","Pâte pressée cuite","'Val d''Abondance (Haute-Savoie)'","1990","74045","HAUTE-SAVOIE","Bouchet-Mont-Charvin","Abondance","1454"
"Abondance","Vache","Pâte pressée cuite","'Val d''Abondance (Haute-Savoie)'","1990","74042","HAUTE-SAVOIE","Bonneville","Abondance","1454"
"Abondance","Vache","Pâte pressée cuite","'Val d''Abondance (Haute-Savoie)'","1990","74041","HAUTE-SAVOIE","Bonnevaux","Abondance","1454"
"Abondance","Vache","Pâte pressée cuite","'Val d''Abondance (Haute-Savoie)'","1990","74038","HAUTE-SAVOIE","Bogeve","Abondance","1454"
"Abondance","Vache","Pâte pressée cuite","'Val d''Abondance (Haute-Savoie)'","1990","74037","HAUTE-SAVOIE","Boege","Abondance","1454"
"Abondance","Vache","Pâte pressée cuite","'Val d''Abondance (Haute-Savoie)'","1990","74036","HAUTE-SAVOIE","Bluffy","Abondance","1454"
"Abondance","Vache","Pâte pressée cuite","'Val d''Abondance (Haute-Savoie)'","1990","74034","HAUTE-SAVOIE","Biot","Abondance","1454"
"Abondance","Vache","Pâte pressée cuite","'Val d''Abondance (Haute-Savoie)'","1990","74033","HAUTE-SAVOIE","Bernex","Abondance","1454"
"Abondance","Vache","Pâte pressée cuite","'Val d''Abondance (Haute-Savoie)'","1990","74032","HAUTE-SAVOIE","Bellevaux","Abondance","1454"
"Abondance","Vache","Pâte pressée cuite","'Val d''Abondance (Haute-Savoie)'","1990","74031","HAUTE-SAVOIE","Beaumont","Abondance","1454"
"Abondance","Vache","Pâte pressée cuite","'Val d''Abondance (Haute-Savoie)'","1990","74030","HAUTE-SAVOIE","Baume","Abondance","1454"
"Abondance","Vache","Pâte pressée cuite","'Val d''Abondance (Haute-Savoie)'","1990","74027","HAUTE-SAVOIE","Balme-de-Thuy","Abondance","1454"
"Abondance","Vache","Pâte pressée cuite","'Val d''Abondance (Haute-Savoie)'","1990","74024","HAUTE-SAVOIE","Ayse","Abondance","1454"
"Abondance","Vache","Pâte pressée cuite","'Val d''Abondance (Haute-Savoie)'","1990","74022","HAUTE-SAVOIE","Aviernoz","Abondance","1454"
"Abondance","Vache","Pâte pressée cuite","'Val d''Abondance (Haute-Savoie)'","1990","74020","HAUTE-SAVOIE","Armoy","Abondance","1454"
"Abondance","Vache","Pâte pressée cuite","'Val d''Abondance (Haute-Savoie)'","1990","74018","HAUTE-SAVOIE","Arenthon","Abondance","1454"
"Abondance","Vache","Pâte pressée cuite","'Val d''Abondance (Haute-Savoie)'","1990","74015","HAUTE-SAVOIE","Arbusigny","Abondance","1454"
"Abondance","Vache","Pâte pressée cuite","'Val d''Abondance (Haute-Savoie)'","1990","74014","HAUTE-SAVOIE","Areches-la-Frasse","Abondance","1454"
"Abondance","Vache","Pâte pressée cuite","'Val d''Abondance (Haute-Savoie)'","1990","74011","HAUTE-SAVOIE","Annecy-le-Vieux","Abondance","1454"
"Abondance","Vache","Pâte pressée cuite","'Val d''Abondance (Haute-Savoie)'","1990","74009","HAUTE-SAVOIE","Andilly","Abondance","1454"
"Abondance","Vache","Pâte pressée cuite","'Val d''Abondance (Haute-Savoie)'","1990","74007","HAUTE-SAVOIE","Amancy","Abondance","1454"
"Abondance","Vache","Pâte pressée cuite","'Val d''Abondance (Haute-Savoie)'","1990","74006","HAUTE-SAVOIE","Allonzier-la-Caille","Abondance","1454"
"Abondance","Vache","Pâte pressée cuite","'Val d''Abondance (Haute-Savoie)'","1990","74004","HAUTE-SAVOIE","Alleves","Abondance","1454"
"Abondance","Vache","Pâte pressée cuite","'Val d''Abondance (Haute-Savoie)'","1990","74003","HAUTE-SAVOIE","Alex","Abondance","1454"
"Abondance","Vache","Pâte pressée cuite","'Val d''Abondance (Haute-Savoie)'","1990","74001","HAUTE-SAVOIE","Abondance","Abondance","1454"
"Beaufort","Vache","Pâte pressée cuite","'Beaufortain, la Maurienne et la Tarentaise, une partie du Val d''Arly (Savoie et Haute-Savoie)'","1968","74215","HAUTE-SAVOIE","Praz-sur-Arly","Beaufort","1455"
"Beaufort","Vache","Pâte pressée cuite","'Beaufortain, la Maurienne et la Tarentaise, une partie du Val d''Arly (Savoie et Haute-Savoie)'","1968","74085","HAUTE-SAVOIE","Contamines-Montjoie","Beaufort","1455"
"TomedesBauges","Vache","Pâte pressée non cuite","Savoie et Haute-Savoie","2002","74310","HAUTE-SAVOIE","Viuz-la-Chiesaz","TomedesBauges","1496"
"TomedesBauges","Vache","Pâte pressée non cuite","Savoie et Haute-Savoie","2002","74167","HAUTE-SAVOIE","ValdeChaise","TomedesBauges","1496"
"TomedesBauges","Vache","Pâte pressée non cuite","Savoie et Haute-Savoie","2002","74270","HAUTE-SAVOIE","Seythenex","TomedesBauges","1496"
"TomedesBauges","Vache","Pâte pressée non cuite","Savoie et Haute-Savoie","2002","74242","HAUTE-SAVOIE","Saint-Jorioz","TomedesBauges","1496"
"TomedesBauges","Vache","Pâte pressée non cuite","Savoie et Haute-Savoie","2002","74232","HAUTE-SAVOIE","Saint-Eustache","TomedesBauges","1496"
"TomedesBauges","Vache","Pâte pressée non cuite","Savoie et Haute-Savoie","2002","74219","HAUTE-SAVOIE","Quintal","TomedesBauges","1496"
"TomedesBauges","Vache","Pâte pressée non cuite","Savoie et Haute-Savoie","2002","74148","HAUTE-SAVOIE","Leschaux","TomedesBauges","1496"
"TomedesBauges","Vache","Pâte pressée non cuite","Savoie et Haute-Savoie","2002","74147","HAUTE-SAVOIE","Lathuile","TomedesBauges","1496"
"TomedesBauges","Vache","Pâte pressée non cuite","Savoie et Haute-Savoie","2002","74138","HAUTE-SAVOIE","Gruffy","TomedesBauges","1496"
"TomedesBauges","Vache","Pâte pressée non cuite","Savoie et Haute-Savoie","2002","74135","HAUTE-SAVOIE","Giez","TomedesBauges","1496"
"TomedesBauges","Vache","Pâte pressée non cuite","Savoie et Haute-Savoie","2002","74123","HAUTE-SAVOIE","Faverges-Seythenex","TomedesBauges","1496"
"TomedesBauges","Vache","Pâte pressée non cuite","Savoie et Haute-Savoie","2002","74111","HAUTE-SAVOIE","Entrevernes","TomedesBauges","1496"
"TomedesBauges","Vache","Pâte pressée non cuite","Savoie et Haute-Savoie","2002","74108","HAUTE-SAVOIE","Duingt","TomedesBauges","1496"
"TomedesBauges","Vache","Pâte pressée non cuite","Savoie et Haute-Savoie","2002","74104","HAUTE-SAVOIE","Doussard","TomedesBauges","1496"
"TomedesBauges","Vache","Pâte pressée non cuite","Savoie et Haute-Savoie","2002","74097","HAUTE-SAVOIE","Cusy","TomedesBauges","1496"
"TomedesBauges","Vache","Pâte pressée non cuite","Savoie et Haute-Savoie","2002","74084","HAUTE-SAVOIE","Cons-Sainte-Colombe","TomedesBauges","1496"
"TomedesBauges","Vache","Pâte pressée non cuite","Savoie et Haute-Savoie","2002","74072","HAUTE-SAVOIE","Chevaline","TomedesBauges","1496"
"TomedesBauges","Vache","Pâte pressée non cuite","Savoie et Haute-Savoie","2002","74060","HAUTE-SAVOIE","Chapelle-Saint-Maurice","TomedesBauges","1496"
"TomedesBauges","Vache","Pâte pressée non cuite","Savoie et Haute-Savoie","2002","74004","HAUTE-SAVOIE","Alleves","TomedesBauges","1496"
